cultivo,tipo_suelo,sistema_riego,area_ha,dias_ciclo,doy_inicio,capacidad_campo,punto_marchitez,prof_raiz_m,et0_promedio_mmdia,et0_maximo_mmdia,lluvia_total_mm,etc_total_mm,kc_promedio,humedad_suelo_promedio,deficit_hidrico_frac,n_riegos,volumen_agua_total_m3_ha,rendimiento_real_ton_ha
Maíz,franco,gravedad,69.39,140,32,0.3,0.16,0.69,7.04,10.623,14.87,892.39,0.847,0.257,0.0,15,13727.21,9.823
Maíz,franco-arcilloso,gravedad,22.44,140,255,0.36,0.2,0.54,4.413,7.462,37.74,480.71,0.847,0.3169,0.0,9,6522.07,9.111
Maíz,franco,gravedad,78.92,140,314,0.3,0.16,0.55,4.367,7.055,34.79,527.52,0.847,0.2605,0.0,10,7104.98,8.184
Maíz,franco-arcilloso,aspersion,62.93,140,170,0.36,0.2,0.69,7.132,9.856,142.45,802.26,0.847,0.3195,0.0,12,8423.29,9.491
Maíz,franco-arcilloso,gravedad,76.15,140,32,0.36,0.2,0.49,7.079,10.198,1.87,897.88,0.847,0.3052,0.0,18,13752.29,10.58
Maíz,franco-arcilloso,gravedad,67.75,140,211,0.36,0.2,0.51,5.591,9.261,104.66,607.33,0.847,0.3107,0.0,10,7648.65,10.005
Maíz,arcilloso,aspersion,38.47,140,21,0.42,0.22,0.59,6.527,10.32,26.67,829.0,0.847,0.3709,0.0,13,10261.88,9.147
Maíz,franco-arenoso,aspersion,18.95,140,84,0.24,0.12,0.6,8.281,10.394,108.71,1017.23,0.847,0.1999,0.0,21,11749.14,9.402
Maíz,franco-arcilloso,gravedad,52.94,140,188,0.36,0.2,0.69,6.417,10.1,101.63,704.9,0.847,0.3158,0.0,10,9998.54,9.762
Maíz,franco,gravedad,61.85,140,253,0.3,0.16,0.62,4.418,7.19,57.44,483.53,0.847,0.2666,0.0,9,6680.21,9.097
Maíz,arcilloso,gravedad,78.99,140,241,0.42,0.22,0.7,4.692,8.036,88.44,508.9,0.847,0.3736,0.0,5,6080.27,11.019
Maíz,franco,gravedad,57.5,140,246,0.3,0.16,0.62,4.656,8.34,84.88,504.78,0.847,0.264,0.0,9,6753.73,10.522
Maíz,arcilloso,gravedad,47.17,140,44,0.42,0.22,0.64,7.403,10.135,8.98,932.83,0.847,0.366,0.0,13,14870.51,9.717
Maíz,arcilloso,gravedad,46.98,140,239,0.42,0.22,0.68,4.766,8.15,58.1,517.81,0.847,0.3752,0.0,7,7473.55,10.217
Maíz,franco,gravedad,24.28,140,344,0.3,0.16,0.45,5.156,8.813,10.4,651.55,0.847,0.2621,0.0,20,10373.8,9.449
Maíz,franco-arenoso,gravedad,22.75,140,283,0.24,0.12,0.64,4.074,6.315,5.84,466.42,0.847,0.2048,0.0,10,7155.31,10.564
Maíz,franco-arcilloso,gravedad,19.86,140,135,0.36,0.2,0.67,8.0,10.133,186.99,935.48,0.847,0.3107,0.0,11,11203.45,10.185
Maíz,franco-arenoso,aspersion,76.39,140,327,0.24,0.12,0.65,4.682,7.576,17.55,576.67,0.847,0.2031,0.0,12,7123.07,10.419
Maíz,franco-arcilloso,gravedad,72.78,140,212,0.36,0.2,0.64,5.591,9.379,92.71,605.7,0.847,0.3189,0.0,9,8389.43,8.745
Maíz,franco-arenoso,goteo,47.9,140,61,0.24,0.12,0.6,7.912,10.379,37.31,982.84,0.847,0.1988,0.0,21,10265.54,9.554
Maíz,franco-arcilloso,gravedad,57.99,140,322,0.36,0.2,0.51,4.526,7.574,11.68,555.74,0.847,0.3159,0.0,12,8697.33,10.234
Maíz,franco-arcilloso,gravedad,20.12,140,179,0.36,0.2,0.62,6.766,10.517,133.9,751.7,0.847,0.3204,0.0,13,10285.62,8.815
Maíz,franco-arenoso,gravedad,52.4,140,157,0.24,0.12,0.52,7.551,10.005,234.96,867.7,0.847,0.2042,0.0,17,10103.75,9.105
Maíz,franco,gravedad,73.09,140,262,0.3,0.16,0.56,4.255,6.768,34.63,467.77,0.847,0.2598,0.0,10,6742.12,9.312
Maíz,franco,microaspersion,63.4,140,52,0.3,0.16,0.67,7.611,10.284,53.19,957.24,0.847,0.2549,0.0,15,10105.59,10.427
Maíz,franco-arcilloso,gravedad,34.57,140,24,0.36,0.2,0.59,6.695,10.104,14.44,851.03,0.847,0.3112,0.0,14,13510.17,10.554
Maíz,arcilloso,goteo,54.17,140,55,0.42,0.22,0.68,7.771,10.651,13.23,971.54,0.847,0.3633,0.0,12,9835.27,11.269
Maíz,franco-arenoso,gravedad,24.28,140,85,0.24,0.12,0.45,8.348,10.476,97.97,1025.09,0.847,0.2003,0.0,30,14887.0,10.33
Maíz,franco,gravedad,63.05,140,142,0.3,0.16,0.67,7.906,10.366,130.45,914.93,0.847,0.2574,0.0,15,12758.72,9.578
Maíz,franco-arcilloso,gravedad,77.18,140,9,0.36,0.2,0.54,6.192,10.449,6.08,787.8,0.847,0.3176,0.0,18,11951.38,9.151
Maíz,franco-arcilloso,gravedad,65.55,140,171,0.36,0.2,0.67,7.022,10.468,176.92,791.53,0.847,0.3177,0.0,11,10766.32,11.469
Maíz,arcilloso,gravedad,52.96,140,65,0.42,0.22,0.59,8.055,10.817,61.36,998.68,0.847,0.3576,0.0,13,15245.29,10.727
Maíz,franco-arcilloso,gravedad,13.08,140,289,0.36,0.2,0.66,4.102,6.205,39.64,472.08,0.847,0.3132,0.0,7,6745.96,8.16
Maíz,franco,aspersion,34.83,140,349,0.3,0.16,0.57,5.307,9.114,15.77,668.55,0.847,0.2596,0.0,14,8335.17,10.045
Maíz,franco-arcilloso,aspersion,41.36,140,311,0.36,0.2,0.51,4.27,7.071,1.04,515.54,0.847,0.3175,0.0,12,6812.97,10.634
Maíz,franco,gravedad,58.15,140,170,0.3,0.16,0.7,7.152,10.023,200.02,810.14,0.847,0.2561,0.0,10,8969.75,9.67
Maíz,franco-arenoso,aspersion,62.66,140,230,0.24,0.12,0.69,4.956,9.589,118.26,532.53,0.847,0.2089,0.0,9,5650.19,8.124
Maíz,franco,goteo,66.7,140,186,0.3,0.16,0.54,6.584,9.915,104.38,725.07,0.847,0.2563,0.0,14,6619.71,11.395
Maíz,franco,aspersion,29.39,140,75,0.3,0.16,0.69,8.146,10.141,60.62,1005.1,0.847,0.26,0.0,19,12411.57,10.048
Maíz,arcilloso,gravedad,61.31,140,160,0.42,0.22,0.54,7.322,9.944,97.62,836.11,0.847,0.3629,0.0,12,11107.94,9.655
Maíz,franco-arcilloso,gravedad,54.74,140,176,0.36,0.2,0.58,6.88,10.047,280.62,771.51,0.847,0.3192,0.0,11,7892.01,9.662
Maíz,franco-arcilloso,gravedad,78.34,140,85,0.36,0.2,0.49,8.256,9.85,75.68,1006.39,0.847,0.3057,0.0,19,15125.87,9.602
Maíz,franco-arenoso,goteo,20.43,140,364,0.24,0.12,0.67,5.776,9.462,1.39,735.44,0.847,0.2063,0.0,17,7313.17,10.192
Maíz,arcilloso,aspersion,29.41,140,272,0.42,0.22,0.58,4.163,7.057,26.15,465.11,0.847,0.369,0.0,7,5434.1,9.902
Maíz,franco,aspersion,78.29,140,283,0.3,0.16,0.7,4.239,6.324,17.22,484.28,0.847,0.2595,0.0,8,5934.0,10.9
Maíz,franco-arcilloso,goteo,54.27,140,138,0.36,0.2,0.52,7.906,9.707,208.19,920.37,0.847,0.3115,0.0,14,7412.0,11.846
Maíz,franco-arcilloso,gravedad,71.07,140,315,0.36,0.2,0.61,4.433,7.488,19.37,538.49,0.847,0.3147,0.0,9,8022.41,9.818
Maíz,franco-arcilloso,aspersion,37.25,140,235,0.36,0.2,0.63,4.836,8.117,30.62,522.72,0.847,0.3181,0.0,9,6300.93,10.238
Maíz,franco-arcilloso,goteo,41.5,140,207,0.36,0.2,0.45,5.728,9.4,207.98,623.64,0.847,0.3205,0.0,12,4954.54,9.884
Maíz,franco-arcilloso,gravedad,45.72,140,96,0.36,0.2,0.61,8.379,10.498,195.05,1021.94,0.847,0.3169,0.0,17,13777.23,8.515
Maíz,arcilloso,aspersion,5.14,140,159,0.42,0.22,0.6,7.38,9.974,210.17,845.35,0.847,0.3662,0.0,9,7926.52,10.087
Maíz,franco-arcilloso,gravedad,10.39,140,271,0.36,0.2,0.65,4.151,7.114,22.48,460.39,0.847,0.3201,0.0,8,6403.41,9.25
Maíz,franco-arcilloso,gravedad,40.87,140,206,0.36,0.2,0.64,5.838,9.607,202.24,635.35,0.847,0.3176,0.0,7,6819.57,10.515
Maíz,franco-arcilloso,goteo,56.64,140,84,0.36,0.2,0.62,8.298,10.145,124.01,1015.6,0.847,0.316,0.0,17,9484.59,9.776
Maíz,franco,gravedad,23.36,140,340,0.3,0.16,0.67,5.137,8.911,20.52,649.85,0.847,0.2645,0.0,13,10066.27,9.236
Maíz,arcilloso,gravedad,31.05,140,144,0.42,0.22,0.52,7.826,10.374,142.35,902.67,0.847,0.3629,0.0,13,12423.68,10.972
Maíz,arcilloso,gravedad,40.31,140,8,0.42,0.22,0.51,6.176,9.92,18.61,790.98,0.847,0.363,0.0,13,12363.39,9.663
Maíz,franco,microaspersion,35.04,140,234,0.3,0.16,0.64,4.904,8.28,69.63,531.79,0.847,0.2598,0.0,8,4846.59,10.157
Maíz,franco,gravedad,52.43,140,159,0.3,0.16,0.59,7.436,10.331,156.41,840.83,0.847,0.2585,0.0,14,10496.91,10.34
Maíz,franco,gravedad,68.08,140,88,0.3,0.16,0.64,8.331,10.216,68.78,1017.54,0.847,0.2556,0.0,18,14559.95,10.061
Maíz,arcilloso,gravedad,57.27,140,277,0.42,0.22,0.64,4.201,6.707,16.92,471.86,0.847,0.3661,0.0,6,6686.19,10.654
Maíz,franco-arcilloso,gravedad,78.16,140,151,0.36,0.2,0.68,7.657,10.864,213.66,878.23,0.847,0.3146,0.0,11,10772.08,10.436
Maíz,franco-arcilloso,aspersion,36.85,140,142,0.36,0.2,0.53,7.886,10.412,258.45,911.14,0.847,0.3115,0.0,13,8899.75,9.949
Maíz,arcilloso,gravedad,68.53,140,327,0.42,0.22,0.48,4.771,8.916,16.42,584.77,0.847,0.3688,0.0,11,9342.52,11.162
Maíz,franco-arcilloso,gravedad,22.87,140,206,0.36,0.2,0.6,5.845,9.8,155.45,636.13,0.847,0.3173,0.0,9,8040.07,9.034
Maíz,arcilloso,gravedad,53.7,140,110,0.42,0.22,0.54,8.373,10.244,129.79,1007.72,0.847,0.3545,0.0,13,13858.3,9.771
Maíz,franco-arcilloso,gravedad,16.52,140,302,0.36,0.2,0.51,4.187,6.884,34.25,498.1,0.847,0.3136,0.0,9,7203.02,10.782
Maíz,franco-arcilloso,gravedad,7.06,140,72,0.36,0.2,0.62,8.145,10.102,86.38,1010.22,0.847,0.3165,0.0,18,14447.06,11.041
Maíz,franco,aspersion,12.62,140,203,0.3,0.16,0.52,5.873,9.646,185.27,641.17,0.847,0.2575,0.0,11,6407.88,12.318
Maíz,franco-arcilloso,gravedad,41.47,140,33,0.36,0.2,0.53,7.103,9.797,4.48,897.96,0.847,0.3153,0.0,20,13898.37,9.937
Maíz,franco,gravedad,22.1,140,294,0.3,0.16,0.52,4.103,6.304,7.78,480.51,0.847,0.2585,0.0,11,7769.37,10.039
Maíz,arcilloso,gravedad,23.99,140,304,0.42,0.22,0.55,4.147,6.754,12.63,493.21,0.847,0.3666,0.0,8,7759.49,10.301
Maíz,franco-arcilloso,gravedad,8.88,140,339,0.36,0.2,0.58,4.939,8.465,18.96,620.76,0.847,0.3174,0.0,11,9050.21,9.69
Maíz,franco,aspersion,72.25,140,284,0.3,0.16,0.69,4.045,6.409,9.4,461.01,0.847,0.2627,0.0,8,5549.44,10.126
Maíz,arcilloso,gravedad,71.22,140,214,0.42,0.22,0.52,5.558,8.772,176.38,602.57,0.847,0.3693,0.0,7,7027.35,8.465
Maíz,arcilloso,gravedad,69.25,140,267,0.42,0.22,0.7,4.269,6.427,17.53,474.71,0.847,0.3647,0.0,5,5979.91,8.311
Maíz,franco,gravedad,26.35,140,277,0.3,0.16,0.6,4.146,6.02,21.13,470.77,0.847,0.2633,0.0,11,7159.8,8.976
Maíz,franco-arcilloso,gravedad,73.49,140,23,0.36,0.2,0.62,6.677,9.656,28.78,847.45,0.847,0.3169,0.0,16,12778.86,9.643
Maíz,franco,gravedad,18.42,140,71,0.3,0.16,0.52,8.174,10.213,85.21,1009.23,0.847,0.2554,0.0,22,15329.65,11.193
Maíz,arcilloso,gravedad,32.04,140,345,0.42,0.22,0.66,5.218,9.176,13.33,659.76,0.847,0.363,0.0,8,10413.84,9.856
Maíz,franco,goteo,62.04,140,165,0.3,0.16,0.68,7.185,10.459,196.25,809.07,0.847,0.2568,0.0,10,6319.75,9.747
Maíz,franco,aspersion,74.37,140,347,0.3,0.16,0.58,5.297,8.547,16.82,668.82,0.847,0.2639,0.0,16,8366.24,9.805
Maíz,franco,gravedad,72.75,140,126,0.3,0.16,0.54,8.273,10.222,100.75,975.64,0.847,0.2556,0.0,20,14317.14,9.527
Maíz,franco-arcilloso,goteo,71.44,140,174,0.36,0.2,0.68,6.923,10.083,135.55,778.32,0.847,0.3147,0.0,11,7290.01,10.226
Maíz,franco,gravedad,22.05,140,60,0.3,0.16,0.67,7.939,10.228,39.9,992.24,0.847,0.255,0.0,17,15641.34,10.684
Maíz,arcilloso,gravedad,51.2,140,298,0.42,0.22,0.57,4.222,6.489,7.76,492.92,0.847,0.3664,0.0,7,7089.85,10.736
Maíz,franco-arcilloso,gravedad,47.91,140,139,0.36,0.2,0.58,7.999,10.405,174.54,934.43,0.847,0.309,0.0,13,12384.36,10.627
Maíz,franco,goteo,51.74,140,155,0.3,0.16,0.55,7.618,11.0,186.01,869.93,0.847,0.2555,0.0,15,7436.19,10.021
Maíz,arcilloso,gravedad,70.71,140,211,0.42,0.22,0.69,5.537,9.589,94.46,598.31,0.847,0.3669,0.0,6,7730.25,10.082
Maíz,franco-arenoso,gravedad,45.83,140,249,0.24,0.12,0.52,4.469,7.564,55.45,482.92,0.847,0.2066,0.0,13,6751.53,8.918
Maíz,franco-arcilloso,goteo,23.94,140,123,0.36,0.2,0.6,8.227,10.339,163.57,975.04,0.847,0.3149,0.0,16,8890.4,8.814
Maíz,franco-arcilloso,gravedad,44.69,140,232,0.36,0.2,0.56,4.866,8.403,32.09,518.72,0.847,0.3134,0.0,9,7276.74,11.564
Maíz,franco,aspersion,69.12,140,128,0.3,0.16,0.68,8.078,10.214,130.19,949.3,0.847,0.2612,0.0,16,10465.3,10.431
Maíz,franco-arenoso,gravedad,56.11,140,341,0.24,0.12,0.52,5.084,8.768,8.26,641.07,0.847,0.2054,0.0,19,9960.75,9.295
Maíz,arcilloso,gravedad,60.12,140,207,0.42,0.22,0.5,5.814,8.996,205.23,633.66,0.847,0.3726,0.0,8,6637.5,10.402
Maíz,franco-arenoso,gravedad,41.58,140,142,0.24,0.12,0.55,7.803,9.955,127.68,909.41,0.847,0.2013,0.0,20,12149.02,9.072
Maíz,franco-arcilloso,gravedad,43.15,140,251,0.36,0.2,0.7,4.553,6.939,68.98,502.98,0.847,0.3241,0.0,8,6984.92,10.244
Maíz,franco-arcilloso,gravedad,6.08,140,96,0.36,0.2,0.49,8.37,10.805,145.03,1011.52,0.847,0.3143,0.0,21,13916.98,9.989
Maíz,franco-arcilloso,gravedad,7.25,140,190,0.36,0.2,0.67,6.369,10.184,109.83,702.96,0.847,0.3142,0.0,9,9623.16,11.652
Maíz,arcilloso,gravedad,14.08,140,39,0.42,0.22,0.65,7.247,10.287,19.11,912.31,0.847,0.3689,0.0,13,13601.11,10.096
Maíz,arcilloso,gravedad,30.58,140,307,0.42,0.22,0.47,4.301,6.905,14.21,514.87,0.847,0.3662,0.0,9,7720.84,8.822
Maíz,franco-arcilloso,gravedad,31.13,140,249,0.36,0.2,0.63,4.568,7.74,54.88,496.04,0.847,0.3222,0.0,8,6403.35,11.339
Maíz,franco-arcilloso,gravedad,61.36,140,48,0.36,0.2,0.57,7.526,10.406,31.42,951.94,0.847,0.3118,0.0,17,14508.13,11.236
Maíz,franco-arcilloso,aspersion,5.64,140,293,0.36,0.2,0.58,4.14,5.924,30.85,484.58,0.847,0.3143,0.0,8,5170.74,9.785
Maíz,arcilloso,gravedad,55.63,140,70,0.42,0.22,0.5,8.075,10.303,67.86,1002.85,0.847,0.358,0.0,15,14831.71,9.835
Maíz,franco-arcilloso,gravedad,74.99,140,258,0.36,0.2,0.65,4.355,7.969,62.95,477.46,0.847,0.3202,0.0,7,6368.51,10.317
Maíz,arcilloso,gravedad,23.52,140,221,0.42,0.22,0.67,5.269,9.035,85.44,568.54,0.847,0.3657,0.0,6,7451.7,9.131
Maíz,arcilloso,gravedad,6.45,140,311,0.42,0.22,0.59,4.313,7.845,13.27,518.25,0.847,0.3684,0.0,8,7857.58,11.071
Maíz,franco-arcilloso,gravedad,23.87,140,41,0.36,0.2,0.63,7.335,11.0,16.85,922.6,0.847,0.3174,0.0,18,14683.41,10.731
Maíz,arcilloso,gravedad,43.96,140,140,0.42,0.22,0.54,7.929,10.013,151.2,920.9,0.847,0.3587,0.0,11,11456.61,10.641
Maíz,franco,goteo,23.15,140,52,0.3,0.16,0.6,7.692,10.066,48.3,965.54,0.847,0.2599,0.0,21,9556.6,11.374
Maíz,franco,gravedad,21.08,140,325,0.3,0.16,0.46,4.625,7.797,13.06,573.69,0.847,0.2575,0.0,15,9071.95,10.402
Maíz,arcilloso,aspersion,21.14,140,306,0.42,0.22,0.65,4.291,7.026,20.43,512.03,0.847,0.3663,0.0,6,6036.09,8.171
Maíz,franco-arcilloso,gravedad,18.69,140,234,0.36,0.2,0.49,4.915,8.564,70.81,529.34,0.847,0.3158,0.0,10,7359.66,10.057
Maíz,franco-arenoso,aspersion,47.07,140,23,0.24,0.12,0.54,6.7,9.892,18.13,851.89,0.847,0.2013,0.0,21,10833.26,10.064
Maíz,franco-arenoso,gravedad,56.71,140,137,0.24,0.12,0.48,8.1,10.308,178.35,942.36,0.847,0.205,0.0,26,12722.35,9.833
Maíz,franco-arcilloso,gravedad,51.98,140,14,0.36,0.2,0.62,6.461,9.555,11.88,824.29,0.847,0.3176,0.0,16,13208.61,10.428
Maíz,franco,gravedad,50.06,140,317,0.3,0.16,0.68,4.468,7.391,10.02,542.88,0.847,0.259,0.0,9,8003.79,9.259
Maíz,franco-arenoso,gravedad,65.39,140,34,0.24,0.12,0.58,7.069,9.926,11.27,893.84,0.847,0.2011,0.0,21,13744.88,9.72
Maíz,franco,gravedad,10.14,140,253,0.3,0.16,0.67,4.452,7.318,69.87,480.55,0.847,0.2673,0.0,9,6680.38,9.675
Maíz,franco-arcilloso,gravedad,50.85,140,258,0.36,0.2,0.66,4.35,7.222,68.7,474.58,0.847,0.3174,0.0,7,7148.37,10.148
Maíz,franco-arcilloso,gravedad,16.42,140,3,0.36,0.2,0.46,6.006,9.691,25.69,767.13,0.847,0.314,0.0,19,11670.43,12.495
Maíz,arcilloso,gravedad,21.47,140,315,0.42,0.22,0.69,4.396,7.871,5.33,536.9,0.847,0.3658,0.0,6,8135.08,10.642
Maíz,arcilloso,gravedad,50.25,140,343,0.42,0.22,0.6,5.107,8.726,10.58,644.01,0.847,0.3688,0.0,10,10106.92,9.614
Maíz,franco-arcilloso,gravedad,21.31,140,2,0.36,0.2,0.56,5.905,9.607,42.26,751.02,0.847,0.3198,0.0,16,11367.78,10.303
Maíz,franco-arcilloso,aspersion,77.52,140,187,0.36,0.2,0.47,6.397,9.874,244.36,701.49,0.847,0.3104,0.0,10,6038.83,10.303
Maíz,franco-arcilloso,gravedad,19.17,140,77,0.36,0.2,0.47,8.222,10.075,47.36,1009.35,0.847,0.3119,0.0,23,15181.99,9.069
Maíz,arcilloso,gravedad,49.21,140,322,0.42,0.22,0.47,4.503,8.101,20.96,554.39,0.847,0.3637,0.0,10,8597.86,9.915
Maíz,franco,aspersion,12.78,140,235,0.3,0.16,0.54,4.775,7.884,78.24,512.41,0.847,0.2634,0.0,11,5532.04,10.366
Maíz,franco,gravedad,31.71,140,258,0.3,0.16,0.66,4.401,7.539,29.25,482.5,0.847,0.2611,0.0,8,6510.07,10.191
Maíz,franco,aspersion,49.76,140,355,0.3,0.16,0.62,5.517,8.942,16.07,704.22,0.847,0.262,0.0,14,9565.98,11.157
Maíz,franco-arcilloso,aspersion,56.98,140,99,0.36,0.2,0.52,8.483,10.447,139.08,1026.36,0.847,0.3143,0.0,20,11690.91,10.23
Maíz,arcilloso,goteo,69.62,140,235,0.42,0.22,0.54,4.813,8.711,103.6,517.46,0.847,0.3772,0.0,8,4748.69,10.203
Maíz,franco-arenoso,gravedad,27.01,140,49,0.24,0.12,0.49,7.515,10.234,26.77,945.51,0.847,0.1999,0.0,26,14364.27,9.927
Maíz,franco,gravedad,45.75,140,266,0.3,0.16,0.68,4.29,6.516,31.57,477.23,0.847,0.2626,0.0,8,6416.87,9.357
Maíz,arcilloso,gravedad,22.89,140,341,0.42,0.22,0.46,5.059,8.781,9.16,632.3,0.847,0.3655,0.0,12,9236.7,9.545
Maíz,franco-arcilloso,gravedad,37.33,140,107,0.36,0.2,0.54,8.275,9.891,88.27,993.78,0.847,0.3116,0.0,18,14285.68,9.963
Maíz,franco,goteo,33.71,140,56,0.3,0.16,0.59,7.729,10.071,13.38,968.03,0.847,0.2595,0.0,22,10297.62,10.06
Maíz,franco-arcilloso,gravedad,37.05,140,339,0.36,0.2,0.57,5.026,8.158,14.96,630.0,0.847,0.3195,0.0,13,9559.95,8.275
Maíz,franco-arcilloso,aspersion,76.99,140,118,0.36,0.2,0.6,8.311,10.001,163.44,994.16,0.847,0.3147,0.0,16,10712.67,10.266
Maíz,franco-arcilloso,gravedad,35.29,140,195,0.36,0.2,0.6,6.128,9.604,191.66,671.43,0.847,0.3198,0.0,9,7969.42,10.27
Maíz,arcilloso,gravedad,69.26,140,175,0.42,0.22,0.52,6.946,10.433,135.03,780.48,0.847,0.3707,0.0,12,9864.88,10.372
Maíz,franco-arcilloso,gravedad,63.47,140,255,0.36,0.2,0.6,4.409,7.411,63.0,477.92,0.847,0.3226,0.0,9,6769.49,8.747
Maíz,franco-arcilloso,gravedad,55.17,140,130,0.36,0.2,0.56,8.185,10.332,210.51,956.7,0.847,0.3181,0.0,17,12347.46,9.499
Maíz,franco-arcilloso,gravedad,8.72,140,215,0.36,0.2,0.56,5.5,9.005,145.15,599.48,0.847,0.3183,0.0,9,7401.56,10.302
Maíz,arcilloso,aspersion,70.4,140,10,0.42,0.22,0.66,6.285,10.06,20.06,800.57,0.847,0.3719,0.0,12,10464.92,9.632
Maíz,franco-arcilloso,gravedad,18.42,140,343,0.36,0.2,0.6,5.03,8.678,23.85,629.89,0.847,0.3132,0.0,10,8930.49,10.756
Maíz,arcilloso,gravedad,63.86,140,78,0.42,0.22,0.51,8.169,10.746,54.11,1006.11,0.847,0.36,0.0,16,14983.64,8.548
Maíz,franco-arenoso,gravedad,62.61,140,319,0.24,0.12,0.62,4.412,7.155,10.09,538.6,0.847,0.2037,0.0,12,8679.87,8.359
Maíz,franco-arcilloso,gravedad,25.94,140,150,0.36,0.2,0.59,7.637,9.884,100.69,881.84,0.847,0.3176,0.0,16,12432.85,10.772
Maíz,franco-arenoso,aspersion,8.79,140,361,0.24,0.12,0.51,5.694,9.168,16.68,723.86,0.847,0.2028,0.0,20,9126.95,9.89
Maíz,franco,aspersion,27.06,140,284,0.3,0.16,0.46,4.181,6.024,1.74,479.46,0.847,0.259,0.0,13,6223.93,8.291
Maíz,franco-arcilloso,gravedad,50.27,140,225,0.36,0.2,0.54,5.098,8.754,149.94,547.71,0.847,0.3165,0.0,8,6394.08,8.482
Maíz,franco,gravedad,59.42,140,27,0.3,0.16,0.65,6.798,9.575,19.21,861.76,0.847,0.2565,0.0,15,13171.21,9.339
Maíz,franco-arenoso,goteo,16.4,140,108,0.24,0.12,0.55,8.385,10.405,121.81,1004.67,0.847,0.2017,0.0,23,9785.99,10.523
Maíz,franco,goteo,8.41,140,179,0.3,0.16,0.62,6.727,9.752,166.37,748.71,0.847,0.2634,0.0,13,6504.83,9.87
Maíz,franco-arcilloso,gravedad,53.74,140,269,0.36,0.2,0.64,4.141,6.62,30.9,459.55,0.847,0.3217,0.0,8,6154.54,10.916
Maíz,arcilloso,gravedad,10.83,140,72,0.42,0.22,0.69,8.149,10.205,65.22,1007.26,0.847,0.3653,0.0,13,14137.98,9.332
Maíz,franco,gravedad,44.84,140,130,0.3,0.16,0.5,8.1,10.304,203.58,950.9,0.847,0.2612,0.0,20,11562.12,9.505
Maíz,franco,gravedad,60.61,140,260,0.3,0.16,0.45,4.257,6.881,80.7,464.98,0.847,0.2616,0.0,11,6306.1,9.915
Frijol,arcilloso,microaspersion,42.74,110,211,0.42,0.22,0.66,6.076,8.925,80.89,537.82,0.838,0.364,0.0,6,5267.66,1.833
Frijol,arcilloso,gravedad,57.66,110,96,0.42,0.22,0.6,8.486,10.016,54.98,795.3,0.838,0.3686,0.0,12,11909.74,1.869
Frijol,franco,gravedad,9.22,110,132,0.3,0.16,0.49,8.545,10.205,127.71,794.21,0.838,0.254,0.0,16,10959.4,2.077
Frijol,arcilloso,gravedad,30.83,110,270,0.42,0.22,0.68,4.277,6.992,6.87,374.97,0.838,0.3634,0.0,4,4902.74,2.126
Frijol,franco-arcilloso,goteo,17.2,110,64,0.36,0.2,0.45,7.698,9.566,2.17,734.94,0.838,0.3107,0.0,18,8020.49,1.832
Frijol,arcilloso,gravedad,45.67,110,106,0.42,0.22,0.64,8.498,9.9,38.66,797.21,0.838,0.3567,0.0,10,12166.39,2.038
Frijol,franco-arcilloso,gravedad,74.89,110,345,0.36,0.2,0.63,4.585,6.968,3.89,434.08,0.838,0.3199,0.0,8,6547.56,1.963
Frijol,franco,gravedad,64.1,110,173,0.3,0.16,0.5,7.654,10.452,110.89,690.97,0.838,0.2524,0.0,13,9120.31,2.034
Frijol,arcilloso,gravedad,69.63,110,212,0.42,0.22,0.46,6.122,9.26,169.7,540.64,0.838,0.3673,0.0,7,6337.93,1.575
Frijol,arcilloso,gravedad,66.91,110,329,0.42,0.22,0.49,4.202,6.07,11.32,394.13,0.838,0.3681,0.0,7,5823.92,1.911
Frijol,franco-arcilloso,gravedad,50.18,110,88,0.36,0.2,0.45,8.393,10.402,32.57,791.26,0.838,0.3089,0.0,18,11878.0,2.014
Frijol,arcilloso,gravedad,21.35,110,327,0.42,0.22,0.69,4.212,6.412,9.19,388.37,0.838,0.3694,0.0,5,6275.08,2.228
Frijol,franco,gravedad,69.53,110,300,0.3,0.16,0.6,3.972,5.454,17.05,359.35,0.838,0.2625,0.0,7,4994.48,2.169
Frijol,franco,gravedad,73.9,110,23,0.3,0.16,0.54,6.051,9.009,16.78,583.18,0.838,0.2563,0.0,12,8843.81,2.134
Frijol,arcilloso,gravedad,31.25,110,119,0.42,0.22,0.69,8.613,10.199,101.38,803.27,0.838,0.362,0.0,8,10639.16,2.1
Frijol,franco-arenoso,gravedad,14.35,110,337,0.24,0.12,0.53,4.393,7.634,7.45,413.16,0.838,0.2023,0.0,10,5941.5,1.972
Frijol,franco-arcilloso,microaspersion,72.99,110,167,0.36,0.2,0.49,7.755,10.239,134.49,699.82,0.838,0.3131,0.0,13,6505.03,1.846
Frijol,franco-arcilloso,aspersion,57.12,110,3,0.36,0.2,0.49,5.279,8.93,19.16,503.67,0.838,0.3114,0.0,10,6206.46,2.031
Frijol,franco-arcilloso,gravedad,9.61,110,156,0.36,0.2,0.56,7.993,10.281,79.95,728.74,0.838,0.309,0.0,12,10601.01,2.101
Frijol,franco-arcilloso,aspersion,52.67,110,361,0.36,0.2,0.52,5.178,8.283,18.44,494.49,0.838,0.3187,0.0,11,5749.72,1.833
Frijol,franco,gravedad,33.25,110,102,0.3,0.16,0.55,8.47,10.404,83.48,798.47,0.838,0.2511,0.0,14,11083.23,1.881
Frijol,arcilloso,gravedad,70.37,110,257,0.42,0.22,0.51,4.412,7.036,38.17,383.54,0.838,0.37,0.0,6,5600.47,1.994
Frijol,franco-arcilloso,gravedad,76.6,110,352,0.36,0.2,0.52,4.842,8.138,10.76,461.24,0.838,0.3176,0.0,10,6648.43,1.914
Frijol,franco-arcilloso,gravedad,57.71,110,116,0.36,0.2,0.58,8.665,10.131,85.26,810.05,0.838,0.3096,0.0,13,10876.84,2.035
Frijol,franco,gravedad,25.34,110,106,0.3,0.16,0.65,8.621,10.246,77.19,808.99,0.838,0.2572,0.0,14,11557.0,1.956
Frijol,franco-arcilloso,goteo,73.94,110,334,0.36,0.2,0.55,4.147,6.822,3.75,389.54,0.838,0.3131,0.0,7,3846.95,2.132
Frijol,arcilloso,gravedad,29.46,110,120,0.42,0.22,0.68,8.532,10.095,130.72,793.75,0.838,0.3719,0.0,10,10381.21,1.877
Frijol,franco-arcilloso,gravedad,14.69,110,208,0.36,0.2,0.48,6.255,9.363,104.2,550.31,0.838,0.3141,0.0,10,7009.43,2.26
Frijol,arcilloso,gravedad,25.95,110,311,0.42,0.22,0.69,3.993,6.241,12.87,365.49,0.838,0.3691,0.0,4,4683.13,1.833
Frijol,franco,gravedad,57.92,110,15,0.3,0.16,0.47,5.826,8.76,12.42,561.22,0.838,0.2542,0.0,14,8756.07,2.003
Frijol,franco-arcilloso,aspersion,43.54,110,133,0.36,0.2,0.56,8.547,10.708,103.5,785.73,0.838,0.3155,0.0,14,8563.77,1.787
Frijol,franco-arcilloso,aspersion,5.14,110,135,0.36,0.2,0.68,8.394,10.488,75.74,775.82,0.838,0.3127,0.0,11,8528.47,1.801
Frijol,arcilloso,gravedad,46.08,110,71,0.42,0.22,0.46,7.883,10.732,18.44,750.36,0.838,0.3614,0.0,14,11433.63,1.901
Frijol,franco-arcilloso,goteo,54.79,110,298,0.36,0.2,0.58,3.903,5.884,4.82,349.42,0.838,0.3151,0.0,6,3307.26,2.07
Frijol,franco,gravedad,71.63,110,176,0.3,0.16,0.59,7.497,10.17,160.93,677.41,0.838,0.2605,0.0,12,8647.21,1.604
Frijol,franco,aspersion,79.97,110,10,0.3,0.16,0.47,5.636,9.595,16.07,539.11,0.838,0.2602,0.0,15,6645.37,1.581
Frijol,arcilloso,gravedad,7.26,110,338,0.42,0.22,0.5,4.409,7.796,32.97,411.33,0.838,0.366,0.0,6,5527.07,2.012
Frijol,franco-arcilloso,aspersion,37.98,110,219,0.36,0.2,0.63,5.877,9.063,158.49,517.09,0.838,0.3259,0.0,8,5205.66,1.859
Frijol,franco-arenoso,gravedad,59.62,110,117,0.24,0.12,0.7,8.687,9.911,48.72,810.82,0.838,0.1985,0.0,15,12400.39,1.931
Frijol,arcilloso,gravedad,51.35,110,240,0.42,0.22,0.61,5.142,8.707,68.61,448.31,0.838,0.3665,0.0,5,5600.12,2.264
Frijol,franco,gravedad,56.28,110,261,0.3,0.16,0.5,4.303,7.366,51.62,375.53,0.838,0.2622,0.0,9,5662.6,1.912
Frijol,arcilloso,aspersion,74.5,110,95,0.42,0.22,0.65,8.46,10.677,37.51,799.67,0.838,0.3584,0.0,9,9352.7,2.282
Frijol,franco,gravedad,14.16,110,135,0.3,0.16,0.58,8.376,10.311,146.5,769.85,0.838,0.263,0.0,15,9750.93,1.874
Frijol,arcilloso,aspersion,76.72,110,31,0.42,0.22,0.67,6.423,9.325,19.99,617.95,0.838,0.3636,0.0,7,6974.16,2.192
Frijol,franco-arenoso,aspersion,18.88,110,85,0.24,0.12,0.48,8.289,9.651,8.18,787.92,0.838,0.1988,0.0,23,9992.85,1.947
Frijol,franco-arcilloso,gravedad,64.29,110,4,0.36,0.2,0.62,5.464,8.58,13.08,519.7,0.838,0.312,0.0,8,7163.48,1.935
Frijol,arcilloso,gravedad,42.01,110,106,0.42,0.22,0.63,8.544,10.715,53.07,802.07,0.838,0.3666,0.0,11,11677.75,1.891
Frijol,franco-arcilloso,gravedad,67.61,110,293,0.36,0.2,0.56,3.847,5.956,1.89,341.61,0.838,0.3141,0.0,6,4643.74,2.151
Frijol,franco-arcilloso,gravedad,37.45,110,87,0.36,0.2,0.5,8.425,10.515,55.02,799.02,0.838,0.3115,0.0,17,12322.96,1.982
Frijol,franco,aspersion,53.68,110,87,0.3,0.16,0.48,8.355,10.453,66.96,787.64,0.838,0.2508,0.0,16,8946.9,1.46
Frijol,franco,aspersion,54.82,110,7,0.3,0.16,0.51,5.469,8.383,14.45,524.98,0.838,0.255,0.0,11,6199.98,1.816
Frijol,arcilloso,microaspersion,47.05,110,161,0.42,0.22,0.61,7.941,10.4,139.02,724.61,0.838,0.3613,0.0,8,6401.75,2.054
Frijol,franco,gravedad,5.81,110,117,0.3,0.16,0.51,8.61,10.009,86.05,802.15,0.838,0.2523,0.0,16,11666.37,2.129
Frijol,franco-arcilloso,gravedad,22.37,110,354,0.36,0.2,0.6,4.968,7.218,19.94,473.68,0.838,0.3154,0.0,8,6888.53,1.884
Frijol,arcilloso,aspersion,13.67,110,44,0.42,0.22,0.64,7.021,9.945,3.01,672.24,0.838,0.3645,0.0,9,8059.51,1.815
Frijol,franco,aspersion,46.42,110,72,0.3,0.16,0.54,8.011,10.118,6.19,763.42,0.838,0.2546,0.0,17,9920.28,1.992
Frijol,arcilloso,microaspersion,30.66,110,256,0.42,0.22,0.53,4.537,7.002,14.03,394.71,0.838,0.3653,0.0,6,4322.21,1.967
Frijol,franco-arenoso,goteo,78.32,110,8,0.24,0.12,0.61,5.587,8.014,31.89,536.45,0.838,0.2055,0.0,13,5338.66,1.966
Frijol,arcilloso,gravedad,69.75,110,285,0.42,0.22,0.51,3.88,5.471,5.77,341.17,0.838,0.3652,0.0,6,5267.71,1.626
Frijol,franco-arcilloso,aspersion,50.17,110,249,0.36,0.2,0.7,4.734,7.957,40.74,412.32,0.838,0.3196,0.0,6,4826.16,2.175
Frijol,arcilloso,aspersion,49.1,110,96,0.42,0.22,0.56,8.467,10.056,130.68,799.26,0.838,0.3654,0.0,12,9430.47,2.01
Frijol,franco-arenoso,microaspersion,79.47,110,262,0.24,0.12,0.54,4.323,6.55,31.02,373.91,0.838,0.2111,0.0,11,3888.22,1.969
Frijol,franco,gravedad,73.85,110,140,0.3,0.16,0.59,8.32,10.054,185.73,765.94,0.838,0.2541,0.0,11,8561.07,1.758
Frijol,franco-arenoso,gravedad,47.37,110,118,0.24,0.12,0.7,8.607,10.192,100.41,801.81,0.838,0.2035,0.0,15,10823.91,2.433
Frijol,franco,gravedad,69.1,110,264,0.3,0.16,0.66,4.379,7.233,46.42,380.09,0.838,0.2674,0.0,7,5198.65,1.781
Frijol,franco-arcilloso,gravedad,15.53,110,139,0.36,0.2,0.59,8.476,10.068,131.41,783.91,0.838,0.3104,0.0,11,10282.7,1.229
Frijol,franco-arcilloso,goteo,46.37,110,42,0.36,0.2,0.5,6.886,9.746,30.19,663.39,0.838,0.3134,0.0,14,6872.69,2.098
Frijol,franco-arenoso,gravedad,34.08,110,54,0.24,0.12,0.52,7.377,10.499,19.79,701.75,0.838,0.1981,0.0,17,11068.23,1.943
Frijol,arcilloso,aspersion,77.24,110,150,0.42,0.22,0.52,8.281,10.298,180.45,754.53,0.838,0.3661,0.0,11,7545.19,1.956
Frijol,franco,aspersion,63.93,110,20,0.3,0.16,0.49,6.074,8.846,9.32,585.17,0.838,0.2603,0.0,16,7301.34,1.855
Frijol,franco-arcilloso,aspersion,45.77,110,333,0.36,0.2,0.49,4.305,7.492,11.33,404.36,0.838,0.3129,0.0,8,4841.69,2.12
Frijol,franco-arcilloso,gravedad,53.38,110,363,0.36,0.2,0.61,5.168,8.927,15.47,494.58,0.838,0.3141,0.0,8,7260.69,1.829
Frijol,franco-arcilloso,gravedad,19.25,110,162,0.36,0.2,0.58,7.968,10.606,142.89,723.92,0.838,0.3131,0.0,11,9171.47,2.147
Frijol,franco-arenoso,gravedad,63.37,110,14,0.24,0.12,0.52,5.899,8.974,5.06,567.11,0.838,0.203,0.0,15,8719.08,1.993
Frijol,arcilloso,gravedad,76.21,110,150,0.42,0.22,0.61,8.276,10.696,139.28,755.23,0.838,0.3655,0.0,9,9826.25,1.968
Frijol,franco,aspersion,5.94,110,62,0.3,0.16,0.47,7.587,9.752,22.57,727.11,0.838,0.2546,0.0,18,9128.68,1.923
Frijol,franco-arenoso,gravedad,67.31,110,48,0.24,0.12,0.55,7.153,10.542,13.61,684.6,0.838,0.2018,0.0,17,10446.62,2.057
Frijol,franco,gravedad,52.46,110,11,0.3,0.16,0.56,5.601,9.386,6.87,539.35,0.838,0.258,0.0,11,7961.23,1.868
Frijol,arcilloso,aspersion,42.58,110,206,0.42,0.22,0.45,6.403,9.701,145.55,564.77,0.838,0.3604,0.0,8,6008.27,1.9
Frijol,arcilloso,gravedad,9.28,110,140,0.42,0.22,0.64,8.448,10.579,80.09,780.1,0.838,0.3643,0.0,11,11254.45,2.009
Frijol,franco,gravedad,30.89,110,98,0.3,0.16,0.49,8.451,10.481,67.55,789.34,0.838,0.2575,0.0,19,11507.46,2.173
Frijol,franco-arcilloso,aspersion,22.34,110,67,0.36,0.2,0.53,7.817,10.061,18.35,744.7,0.838,0.3137,0.0,16,9334.86,1.933
Frijol,franco-arcilloso,gravedad,35.83,110,147,0.36,0.2,0.52,8.393,11.0,229.32,771.74,0.838,0.3172,0.0,12,8964.48,1.963
Frijol,franco-arcilloso,gravedad,11.95,110,167,0.36,0.2,0.5,7.823,10.037,296.69,709.33,0.838,0.3185,0.0,10,6785.28,1.985
Frijol,franco-arcilloso,gravedad,43.21,110,142,0.36,0.2,0.65,8.335,10.376,68.92,768.61,0.838,0.3179,0.0,14,11421.8,1.944
Frijol,franco-arcilloso,gravedad,76.28,110,225,0.36,0.2,0.52,5.469,8.79,122.8,480.26,0.838,0.3156,0.0,8,5444.25,1.67
Frijol,franco-arenoso,gravedad,15.88,110,338,0.24,0.12,0.53,4.358,7.464,12.78,410.39,0.838,0.2082,0.0,12,6172.95,1.864
Frijol,franco-arcilloso,aspersion,31.77,110,86,0.36,0.2,0.57,8.202,10.166,10.36,778.73,0.838,0.3078,0.0,14,10209.27,2.038
Frijol,arcilloso,gravedad,9.65,110,138,0.42,0.22,0.69,8.383,10.719,164.91,771.84,0.838,0.3727,0.0,9,10164.51,1.957
Frijol,franco,gravedad,42.1,110,184,0.3,0.16,0.67,7.296,10.162,121.26,654.92,0.838,0.2628,0.0,11,8319.57,1.922
Frijol,franco-arcilloso,aspersion,49.14,110,202,0.36,0.2,0.56,6.494,9.578,158.99,573.47,0.838,0.3162,0.0,8,5209.44,1.995
Frijol,franco-arcilloso,aspersion,30.62,110,298,0.36,0.2,0.56,3.837,5.506,31.93,343.18,0.838,0.3114,0.0,5,3654.21,2.025
Frijol,franco,gravedad,72.01,110,196,0.3,0.16,0.54,6.715,9.293,93.81,600.99,0.838,0.2637,0.0,13,8303.71,2.144
Frijol,franco-arcilloso,gravedad,20.47,110,287,0.36,0.2,0.51,3.88,5.839,6.56,347.63,0.838,0.3155,0.0,7,4866.87,1.855
Frijol,franco,aspersion,62.34,110,209,0.3,0.16,0.61,6.202,8.788,139.89,551.18,0.838,0.2552,0.0,8,5277.18,2.346
Frijol,arcilloso,gravedad,51.35,110,185,0.42,0.22,0.69,7.173,9.799,227.03,639.13,0.838,0.3717,0.0,5,5971.29,1.686
Frijol,arcilloso,aspersion,73.68,110,213,0.42,0.22,0.5,6.061,9.163,105.54,534.38,0.838,0.3719,0.0,8,5757.35,1.752
Frijol,arcilloso,gravedad,71.71,110,43,0.42,0.22,0.55,6.953,10.403,13.02,666.11,0.838,0.3674,0.0,11,9723.61,1.753
Frijol,franco,aspersion,19.67,110,269,0.3,0.16,0.58,4.224,7.189,47.08,370.6,0.838,0.2595,0.0,7,4481.68,1.699
Frijol,arcilloso,aspersion,42.33,110,188,0.42,0.22,0.51,7.044,9.82,139.9,627.63,0.838,0.3723,0.0,10,6544.9,2.12
Frijol,franco-arenoso,gravedad,15.48,110,36,0.24,0.12,0.5,6.591,10.192,21.96,633.26,0.838,0.2021,0.0,18,9610.62,1.787
Frijol,arcilloso,aspersion,71.46,110,272,0.42,0.22,0.47,4.158,6.918,11.37,365.77,0.838,0.3704,0.0,7,4501.2,2.296
Frijol,arcilloso,goteo,11.32,110,10,0.42,0.22,0.48,5.66,9.002,13.19,542.2,0.838,0.3675,0.0,11,5862.33,2.423
Frijol,franco-arcilloso,gravedad,15.58,110,253,0.36,0.2,0.63,4.692,7.765,51.62,410.92,0.838,0.3196,0.0,6,5141.81,1.957
Frijol,franco-arcilloso,aspersion,53.37,110,7,0.36,0.2,0.68,5.491,8.35,0.0,529.56,0.838,0.315,0.0,8,6078.25,1.824
Frijol,franco,gravedad,7.59,110,316,0.3,0.16,0.65,3.982,6.338,21.95,366.15,0.838,0.2589,0.0,6,5050.62,1.957
Frijol,franco-arcilloso,goteo,5.96,110,323,0.36,0.2,0.53,4.116,6.343,3.47,379.48,0.838,0.3202,0.0,9,4095.75,2.018
Frijol,franco,gravedad,43.05,110,121,0.3,0.16,0.58,8.612,10.509,134.46,799.01,0.838,0.257,0.0,14,11280.26,1.857
Frijol,arcilloso,gravedad,10.71,110,220,0.42,0.22,0.45,5.773,8.58,95.47,507.8,0.838,0.3628,0.0,8,6565.6,1.853
Frijol,franco-arcilloso,goteo,61.18,110,81,0.36,0.2,0.58,8.155,10.187,72.07,776.73,0.838,0.311,0.0,13,7464.2,2.0
Frijol,franco,goteo,40.99,110,83,0.3,0.16,0.63,8.235,10.567,48.12,780.14,0.838,0.2608,0.0,16,7767.34,2.209
Frijol,franco-arcilloso,gravedad,30.98,110,101,0.36,0.2,0.54,8.562,10.206,46.01,801.17,0.838,0.3141,0.0,17,12064.6,2.054
Frijol,franco,goteo,49.42,110,277,0.3,0.16,0.67,4.152,6.442,9.86,361.84,0.838,0.2597,0.0,6,3363.79,2.0
Frijol,franco-arcilloso,gravedad,41.95,110,130,0.36,0.2,0.54,8.519,10.714,155.1,790.21,0.838,0.3087,0.0,12,9706.57,2.001
Frijol,franco-arcilloso,aspersion,45.76,110,344,0.36,0.2,0.69,4.528,7.08,0.45,431.22,0.838,0.3151,0.0,7,5312.48,1.931
Frijol,franco-arcilloso,gravedad,8.04,110,171,0.36,0.2,0.64,7.582,10.105,160.77,680.17,0.838,0.3107,0.0,8,8671.94,1.836
Frijol,arcilloso,gravedad,59.53,110,207,0.42,0.22,0.47,6.213,9.456,110.02,551.36,0.838,0.3733,0.0,9,6858.12,1.48
Frijol,franco-arcilloso,aspersion,74.02,110,68,0.36,0.2,0.54,7.719,9.859,34.78,735.17,0.838,0.3091,0.0,13,9109.96,1.982
Frijol,franco-arcilloso,aspersion,44.62,110,40,0.36,0.2,0.59,6.828,9.846,28.21,652.93,0.838,0.3164,0.0,13,8266.45,2.338
Frijol,franco-arcilloso,gravedad,48.5,110,291,0.36,0.2,0.48,3.895,5.694,16.42,346.83,0.838,0.3135,0.0,8,5442.38,1.871
Frijol,franco-arcilloso,gravedad,59.79,110,298,0.36,0.2,0.65,3.893,6.118,5.19,347.16,0.838,0.3206,0.0,7,5244.67,2.049
Frijol,arcilloso,gravedad,49.94,110,154,0.42,0.22,0.66,8.152,10.435,111.28,746.59,0.838,0.3665,0.0,9,10297.19,2.117
Frijol,franco-arcilloso,gravedad,30.23,110,343,0.36,0.2,0.52,4.635,7.441,19.24,435.09,0.838,0.3205,0.0,10,6534.0,1.727
Frijol,franco,aspersion,64.37,110,101,0.3,0.16,0.58,8.529,10.47,44.22,803.85,0.838,0.2584,0.0,17,9628.73,1.949
Frijol,arcilloso,gravedad,36.91,110,62,0.42,0.22,0.69,7.603,10.324,20.7,723.62,0.838,0.3677,0.0,10,11091.19,2.074
Frijol,franco-arcilloso,gravedad,9.19,110,160,0.36,0.2,0.55,8.006,10.992,195.0,726.43,0.838,0.3169,0.0,11,8948.18,1.911
Frijol,arcilloso,gravedad,13.66,110,129,0.42,0.22,0.49,8.568,10.228,156.35,795.51,0.838,0.3636,0.0,12,10223.37,2.221
Frijol,franco-arcilloso,gravedad,7.55,110,207,0.36,0.2,0.69,6.269,9.176,97.06,554.28,0.838,0.3205,0.0,8,6894.12,1.964
Frijol,franco-arcilloso,gravedad,17.9,110,155,0.36,0.2,0.59,8.031,10.463,198.8,733.26,0.838,0.3182,0.0,12,9241.7,2.312
Frijol,franco-arcilloso,aspersion,11.2,110,154,0.36,0.2,0.53,8.166,10.626,134.46,746.28,0.838,0.314,0.0,12,7989.38,2.17
Frijol,arcilloso,aspersion,11.65,110,135,0.42,0.22,0.62,8.511,10.352,82.24,783.6,0.838,0.3637,0.0,11,9092.68,2.018
Frijol,franco-arcilloso,gravedad,63.25,110,57,0.36,0.2,0.56,7.551,9.8,2.92,722.76,0.838,0.3151,0.0,15,10856.38,2.111
Frijol,franco,gravedad,25.9,110,128,0.3,0.16,0.59,8.607,10.427,99.65,801.01,0.838,0.2563,0.0,15,11432.25,1.922
Frijol,franco-arenoso,gravedad,40.53,110,42,0.24,0.12,0.47,6.83,9.525,14.26,656.31,0.838,0.1991,0.0,18,9903.66,1.949
Frijol,franco-arcilloso,gravedad,19.12,110,108,0.36,0.2,0.46,8.611,9.932,72.99,806.52,0.838,0.3075,0.0,17,12135.86,1.926
Frijol,franco-arcilloso,gravedad,56.3,110,49,0.36,0.2,0.51,7.225,9.892,6.31,691.58,0.838,0.308,0.0,14,10668.8,2.364
Frijol,franco-arcilloso,aspersion,32.97,110,112,0.36,0.2,0.54,8.711,10.327,82.81,814.09,0.838,0.3116,0.0,15,9924.64,1.795
Frijol,arcilloso,gravedad,24.16,110,278,0.42,0.22,0.57,4.088,5.89,4.48,358.28,0.838,0.3629,0.0,5,4978.31,2.175
Frijol,arcilloso,aspersion,31.48,110,179,0.42,0.22,0.58,7.391,10.121,181.01,662.99,0.838,0.3627,0.0,7,6174.07,1.82
Frijol,arcilloso,goteo,76.62,110,87,0.42,0.22,0.46,8.323,9.945,51.91,787.31,0.838,0.3604,0.0,14,7693.17,1.898
Frijol,arcilloso,gravedad,66.63,110,118,0.42,0.22,0.68,8.641,10.033,121.44,806.28,0.838,0.3621,0.0,9,11171.77,1.936
Frijol,franco,gravedad,6.04,110,317,0.3,0.16,0.48,3.924,6.229,14.97,357.92,0.838,0.2591,0.0,9,5520.28,1.652
Frijol,arcilloso,gravedad,60.31,110,75,0.42,0.22,0.7,8.024,10.486,24.92,761.75,0.838,0.3625,0.0,9,11672.76,2.1
Frijol,arcilloso,aspersion,36.04,110,98,0.42,0.22,0.66,8.517,10.321,59.53,802.58,0.838,0.3634,0.0,10,9706.98,1.909
Frijol,franco-arcilloso,gravedad,39.88,110,283,0.36,0.2,0.6,3.964,6.015,10.3,350.85,0.838,0.3225,0.0,7,5066.09,1.949
Frijol,franco,gravedad,62.4,110,329,0.3,0.16,0.54,4.173,6.519,16.04,388.37,0.838,0.2607,0.0,8,5580.82,2.172
Frijol,franco-arcilloso,aspersion,12.0,110,74,0.36,0.2,0.52,7.927,10.123,6.65,754.67,0.838,0.3082,0.0,15,9887.72,1.791
Frijol,arcilloso,gravedad,59.63,110,233,0.42,0.22,0.48,5.283,8.217,94.64,463.81,0.838,0.3633,0.0,6,5046.66,2.204
Frijol,franco-arcilloso,gravedad,9.94,110,206,0.36,0.2,0.57,6.331,9.329,137.08,558.35,0.838,0.3173,0.0,8,6499.1,1.92
Frijol,arcilloso,gravedad,45.83,110,205,0.42,0.22,0.52,6.357,9.326,106.66,564.01,0.838,0.362,0.0,7,6425.24,1.991
Frijol,arcilloso,gravedad,75.64,110,28,0.42,0.22,0.54,6.412,9.458,12.46,614.79,0.838,0.3662,0.0,10,9197.16,1.972
Frijol,arcilloso,aspersion,35.32,110,66,0.42,0.22,0.6,7.696,10.433,24.4,736.69,0.838,0.3618,0.0,10,9529.94,2.225
Frijol,franco,gravedad,49.22,110,207,0.3,0.16,0.68,6.268,9.398,163.73,551.75,0.838,0.2666,0.0,8,6089.23,2.053
Frijol,arcilloso,gravedad,13.15,110,61,0.42,0.22,0.49,7.604,10.373,39.45,723.87,0.838,0.3572,0.0,11,10468.53,2.0
Frijol,franco-arenoso,aspersion,52.21,110,84,0.24,0.12,0.63,8.216,10.054,15.85,780.95,0.838,0.2025,0.0,18,9890.09,1.911
Frijol,franco-arenoso,gravedad,48.04,110,342,0.24,0.12,0.64,4.421,7.296,17.91,418.58,0.838,0.2079,0.0,10,6418.5,2.02
Frijol,franco-arcilloso,gravedad,69.77,110,191,0.36,0.2,0.52,6.976,9.983,189.78,623.4,0.838,0.3206,0.0,10,6849.42,1.813
Frijol,franco-arcilloso,aspersion,78.95,110,74,0.36,0.2,0.57,8.007,10.058,5.96,758.38,0.838,0.3078,0.0,13,9134.02,1.576
Frijol,arcilloso,aspersion,49.22,110,322,0.42,0.22,0.48,4.189,6.581,18.02,388.27,0.838,0.3695,0.0,7,4586.67,1.825
Frijol,franco,gravedad,21.79,110,130,0.3,0.16,0.54,8.6,10.233,110.5,795.6,0.838,0.2599,0.0,17,10778.63,1.752
Algodón,arcilloso,gravedad,41.08,180,53,0.42,0.22,0.67,7.833,10.12,153.73,1302.02,0.879,0.3713,0.0,18,18928.93,3.733
Algodón,arcilloso,gravedad,34.38,180,132,0.42,0.22,0.46,7.386,10.561,202.37,1130.65,0.879,0.3587,0.0,18,14684.66,3.153
Algodón,franco,gravedad,31.94,180,242,0.3,0.16,0.54,4.632,7.925,61.72,674.05,0.879,0.2552,0.0,13,9163.88,3.267
Algodón,franco,gravedad,7.78,180,165,0.3,0.16,0.47,6.474,10.302,171.95,952.32,0.879,0.2614,0.0,23,12858.38,3.548
Algodón,franco,aspersion,29.48,180,214,0.3,0.16,0.65,5.031,9.167,63.48,713.78,0.879,0.2561,0.0,12,8636.32,3.54
Algodón,franco,gravedad,19.17,180,16,0.3,0.16,0.51,7.028,10.321,38.7,1194.61,0.879,0.2557,0.0,28,18397.21,3.597
Algodón,franco-arcilloso,gravedad,31.84,180,141,0.36,0.2,0.7,7.205,10.382,169.28,1090.87,0.879,0.3139,0.0,15,13984.61,3.493
Algodón,franco-arcilloso,gravedad,52.34,180,6,0.36,0.2,0.53,6.768,10.172,16.5,1151.72,0.879,0.3137,0.0,25,18141.73,3.935
Algodón,franco,goteo,73.98,180,257,0.3,0.16,0.54,4.426,7.228,65.08,657.57,0.879,0.2577,0.0,13,6575.18,2.958
Algodón,franco,gravedad,61.07,180,14,0.3,0.16,0.64,6.961,10.803,61.17,1184.55,0.879,0.2594,0.0,23,17547.26,2.97
Algodón,franco-arcilloso,microaspersion,71.25,180,99,0.36,0.2,0.63,7.962,10.568,215.4,1269.54,0.879,0.316,0.0,20,12088.27,3.099
Algodón,franco,gravedad,22.65,180,148,0.3,0.16,0.68,7.025,10.353,134.03,1055.39,0.879,0.2603,0.0,18,15157.89,3.668
Algodón,franco-arenoso,aspersion,36.61,180,180,0.24,0.12,0.67,5.982,10.041,198.2,869.27,0.879,0.2072,0.0,15,8665.56,3.143
Algodón,franco-arcilloso,gravedad,8.13,180,301,0.36,0.2,0.61,4.915,8.638,11.58,798.47,0.879,0.3134,0.0,14,12331.95,3.316
Algodón,arcilloso,goteo,51.02,180,34,0.42,0.22,0.65,7.465,10.356,65.24,1255.37,0.879,0.3596,0.0,15,12426.65,3.717
Algodón,franco,gravedad,57.24,180,65,0.3,0.16,0.48,8.003,10.636,113.1,1317.5,0.879,0.2593,0.0,36,19418.48,3.979
Algodón,franco-arcilloso,goteo,77.68,180,178,0.36,0.2,0.66,6.067,10.219,247.24,885.34,0.879,0.314,0.0,10,6691.76,3.914
Algodón,arcilloso,gravedad,6.75,180,308,0.42,0.22,0.5,4.839,8.585,38.81,790.04,0.879,0.3602,0.0,12,11718.19,3.255
Algodón,franco-arcilloso,gravedad,53.04,180,244,0.36,0.2,0.65,4.596,7.58,64.11,667.8,0.879,0.3215,0.0,11,8869.7,3.868
Algodón,franco-arcilloso,aspersion,46.05,180,160,0.36,0.2,0.68,6.621,10.027,237.48,982.63,0.879,0.3164,0.0,12,9438.58,3.65
Algodón,franco-arcilloso,gravedad,15.79,180,100,0.36,0.2,0.62,7.893,10.736,99.21,1258.72,0.879,0.3163,0.0,23,18338.5,3.705
Algodón,arcilloso,gravedad,67.33,180,179,0.42,0.22,0.52,6.111,9.685,253.1,892.07,0.879,0.3733,0.0,14,11209.06,3.916
Algodón,franco-arcilloso,aspersion,40.64,180,147,0.36,0.2,0.62,6.999,10.427,172.27,1055.67,0.879,0.3088,0.0,14,11277.17,3.249
Algodón,franco,gravedad,23.8,180,34,0.3,0.16,0.49,7.39,9.843,127.67,1247.55,0.879,0.2533,0.0,27,18130.99,3.272
Algodón,franco,gravedad,25.54,180,317,0.3,0.16,0.6,5.128,9.805,19.55,847.83,0.879,0.2623,0.0,19,13120.28,3.245
Algodón,franco-arcilloso,gravedad,58.26,180,148,0.36,0.2,0.63,6.992,10.234,164.14,1049.46,0.879,0.3178,0.0,18,14431.03,2.983
Algodón,arcilloso,gravedad,39.98,180,43,0.42,0.22,0.47,7.562,10.612,113.07,1268.56,0.879,0.3572,0.0,20,18475.26,3.259
Algodón,franco-arcilloso,gravedad,11.77,180,136,0.36,0.2,0.55,7.36,10.138,264.47,1125.58,0.879,0.3138,0.0,19,14292.06,3.64
Algodón,arcilloso,microaspersion,53.8,180,104,0.42,0.22,0.52,7.825,10.224,207.45,1240.76,0.879,0.36,0.0,17,12257.02,3.604
Algodón,franco-arcilloso,aspersion,58.23,180,98,0.36,0.2,0.7,8.021,10.592,201.66,1278.34,0.879,0.311,0.0,17,14432.05,3.003
Algodón,franco,gravedad,12.64,180,18,0.3,0.16,0.5,7.041,10.27,51.51,1190.22,0.879,0.2523,0.0,26,17274.61,3.792
Algodón,franco-arcilloso,aspersion,57.91,180,116,0.36,0.2,0.59,7.756,10.162,197.86,1210.92,0.879,0.3108,0.0,18,13316.43,3.446
Algodón,franco-arcilloso,aspersion,69.63,180,357,0.36,0.2,0.68,6.276,10.429,11.55,1066.13,0.879,0.3178,0.0,19,13900.14,2.754
Algodón,franco,gravedad,15.83,180,240,0.3,0.16,0.57,4.654,8.124,50.03,676.96,0.879,0.2647,0.0,16,9667.59,3.188
Algodón,franco-arenoso,gravedad,23.36,180,279,0.24,0.12,0.61,4.488,7.643,35.37,697.35,0.879,0.2076,0.0,18,10651.82,3.613
Algodón,franco,gravedad,76.5,180,31,0.3,0.16,0.49,7.336,10.124,60.11,1237.96,0.879,0.2549,0.0,30,18995.65,3.684
Algodón,franco-arcilloso,gravedad,49.15,180,105,0.36,0.2,0.48,7.855,10.165,137.3,1240.64,0.879,0.3092,0.0,24,18012.29,3.266
Algodón,franco-arcilloso,gravedad,73.75,180,207,0.36,0.2,0.68,5.241,10.118,181.43,746.72,0.879,0.3217,0.0,10,9075.75,2.922
Algodón,franco-arcilloso,gravedad,74.88,180,278,0.36,0.2,0.48,4.562,7.618,14.17,708.17,0.879,0.3167,0.0,17,10929.45,3.784
Algodón,arcilloso,aspersion,57.88,180,13,0.42,0.22,0.67,6.952,10.254,34.25,1185.89,0.879,0.3691,0.0,17,14734.5,3.658
Algodón,franco-arenoso,gravedad,54.52,180,166,0.24,0.12,0.56,6.538,10.615,191.72,964.22,0.879,0.2053,0.0,21,12706.13,3.362
Algodón,arcilloso,gravedad,75.39,180,246,0.42,0.22,0.46,4.523,7.526,109.32,661.58,0.879,0.3701,0.0,12,9702.03,3.446
Algodón,arcilloso,gravedad,78.88,180,48,0.42,0.22,0.52,7.736,10.192,86.46,1296.15,0.879,0.3644,0.0,22,18815.9,3.178
Algodón,franco-arcilloso,gravedad,41.53,180,200,0.36,0.2,0.64,5.548,9.967,184.19,793.97,0.879,0.3116,0.0,10,10131.37,3.887
Algodón,franco,gravedad,12.24,180,224,0.3,0.16,0.63,4.809,8.526,179.04,685.86,0.879,0.2651,0.0,12,8968.48,3.584
Algodón,franco-arcilloso,gravedad,10.47,180,128,0.36,0.2,0.45,7.525,10.559,135.38,1162.81,0.879,0.3131,0.0,27,16734.0,3.024
Algodón,franco-arcilloso,aspersion,66.4,180,152,0.36,0.2,0.63,6.877,10.074,218.07,1029.87,0.879,0.3125,0.0,13,9785.4,3.615
Algodón,franco-arenoso,gravedad,35.02,180,242,0.24,0.12,0.47,4.627,7.913,61.03,673.47,0.879,0.2047,0.0,19,9902.23,3.209
Algodón,franco,gravedad,27.86,180,319,0.3,0.16,0.49,5.137,9.154,26.8,852.03,0.879,0.2537,0.0,19,13073.98,3.568
Algodón,arcilloso,gravedad,39.08,180,361,0.42,0.22,0.47,6.443,10.48,18.27,1096.6,0.879,0.3552,0.0,18,17214.99,3.21
Algodón,franco-arcilloso,goteo,74.36,180,319,0.36,0.2,0.49,5.299,9.002,28.76,878.12,0.879,0.3094,0.0,18,9471.43,3.547
Algodón,franco-arcilloso,goteo,27.74,180,143,0.36,0.2,0.5,7.064,10.139,240.48,1071.87,0.879,0.3088,0.0,18,9546.4,3.307
Algodón,franco-arcilloso,gravedad,12.77,180,79,0.36,0.2,0.69,8.002,10.54,152.99,1298.9,0.879,0.312,0.0,18,18433.35,3.944
Algodón,franco,gravedad,60.45,180,317,0.3,0.16,0.65,5.159,9.869,21.73,855.59,0.879,0.2586,0.0,16,13511.22,3.303
Algodón,franco,gravedad,9.77,180,52,0.3,0.16,0.65,7.853,10.644,116.52,1310.88,0.879,0.2593,0.0,24,19108.75,3.59
Algodón,franco-arcilloso,goteo,37.21,180,273,0.36,0.2,0.52,4.545,7.466,23.97,693.66,0.879,0.3196,0.0,16,7070.09,3.577
Algodón,franco-arcilloso,gravedad,62.3,180,41,0.36,0.2,0.58,7.622,10.213,67.13,1284.33,0.879,0.3155,0.0,24,19243.31,3.517
Algodón,arcilloso,goteo,11.65,180,96,0.42,0.22,0.58,8.002,10.972,138.01,1283.79,0.879,0.3609,0.0,17,11633.09,3.714
Algodón,franco,gravedad,68.64,180,196,0.3,0.16,0.53,5.526,9.731,149.89,797.1,0.879,0.2558,0.0,14,10611.8,4.12
Algodón,arcilloso,gravedad,64.75,180,138,0.42,0.22,0.6,7.271,10.364,175.96,1106.96,0.879,0.3618,0.0,13,14399.76,3.722
Algodón,franco,gravedad,79.03,180,166,0.3,0.16,0.59,6.39,10.104,167.49,937.49,0.879,0.2626,0.0,18,12383.23,3.118
Algodón,franco-arcilloso,gravedad,21.41,180,120,0.36,0.2,0.63,7.561,10.11,129.15,1173.7,0.879,0.313,0.0,18,16821.83,3.616
Algodón,franco-arcilloso,aspersion,27.16,180,362,0.36,0.2,0.64,6.496,10.099,7.18,1104.19,0.879,0.3161,0.0,20,13819.55,3.489
Algodón,franco-arcilloso,gravedad,9.67,180,245,0.36,0.2,0.56,4.557,8.182,95.83,665.18,0.879,0.3187,0.0,12,9311.33,3.329
Algodón,franco-arenoso,gravedad,58.24,180,270,0.24,0.12,0.68,4.445,7.183,86.09,675.39,0.879,0.2082,0.0,14,9524.97,3.234
Algodón,arcilloso,aspersion,64.93,180,2,0.42,0.22,0.61,6.595,10.357,19.16,1124.44,0.879,0.368,0.0,18,13955.67,3.761
Algodón,arcilloso,gravedad,73.64,180,172,0.42,0.22,0.7,6.29,10.184,158.15,918.04,0.879,0.3693,0.0,11,12422.99,3.513
Algodón,franco,aspersion,51.44,180,256,0.3,0.16,0.58,4.479,7.401,44.97,664.6,0.879,0.2593,0.0,13,7999.46,3.48
Algodón,franco,gravedad,42.51,180,292,0.3,0.16,0.65,4.634,7.708,26.12,734.1,0.879,0.2624,0.0,15,11403.63,3.237
Algodón,franco,gravedad,49.93,180,119,0.3,0.16,0.47,7.647,10.249,230.19,1191.76,0.879,0.2526,0.0,23,15169.28,3.388
Algodón,arcilloso,gravedad,57.42,180,16,0.42,0.22,0.64,7.029,10.256,35.34,1189.85,0.879,0.3676,0.0,18,18670.43,2.826
Algodón,franco,aspersion,5.98,180,63,0.3,0.16,0.67,7.981,10.032,106.15,1318.75,0.879,0.2549,0.0,21,15271.32,3.861
Algodón,arcilloso,aspersion,47.4,180,129,0.42,0.22,0.53,7.474,10.262,151.95,1152.78,0.879,0.3564,0.0,15,13150.08,3.996
Algodón,franco-arenoso,gravedad,59.35,180,250,0.24,0.12,0.57,4.492,7.281,31.52,663.26,0.879,0.2078,0.0,18,10189.29,3.295
Algodón,arcilloso,microaspersion,38.62,180,35,0.42,0.22,0.54,7.454,10.32,57.84,1257.09,0.879,0.3581,0.0,19,14019.76,3.308
Algodón,franco-arcilloso,aspersion,59.68,180,24,0.36,0.2,0.61,7.192,10.561,109.35,1217.74,0.879,0.309,0.0,18,14155.97,3.718
Algodón,franco,gravedad,17.75,180,182,0.3,0.16,0.45,6.022,10.188,130.91,870.14,0.879,0.2532,0.0,19,12125.78,4.444
Algodón,arcilloso,gravedad,22.01,180,28,0.42,0.22,0.5,7.325,10.342,69.8,1245.47,0.879,0.3667,0.0,23,18582.79,3.503
Algodón,franco,gravedad,9.34,180,111,0.3,0.16,0.53,7.873,10.117,240.23,1240.52,0.879,0.2562,0.0,24,16124.94,3.494
Algodón,arcilloso,goteo,50.44,180,172,0.42,0.22,0.62,6.298,9.935,179.1,924.98,0.879,0.3703,0.0,12,7700.3,3.429
Algodón,arcilloso,gravedad,46.24,180,193,0.42,0.22,0.61,5.669,9.486,160.88,814.34,0.879,0.3697,0.0,11,10447.7,3.616
Algodón,franco-arcilloso,gravedad,12.96,180,127,0.36,0.2,0.66,7.508,10.693,226.04,1159.74,0.879,0.3103,0.0,15,15004.97,3.454
Algodón,franco,gravedad,5.29,180,349,0.3,0.16,0.56,6.089,10.173,29.39,1034.14,0.879,0.253,0.0,21,16160.16,3.575
Algodón,franco-arcilloso,microaspersion,20.93,180,27,0.36,0.2,0.68,7.261,10.225,49.04,1229.97,0.879,0.3132,0.0,19,12880.54,3.409
Algodón,franco-arcilloso,gravedad,27.48,180,251,0.36,0.2,0.46,4.509,7.257,44.76,665.66,0.879,0.3122,0.0,14,9957.25,3.404
Algodón,franco-arcilloso,aspersion,29.79,180,84,0.36,0.2,0.49,8.058,10.682,147.49,1305.42,0.879,0.3085,0.0,26,15679.69,3.598
Algodón,franco,gravedad,37.55,180,191,0.3,0.16,0.59,5.672,9.445,148.92,821.0,0.879,0.2648,0.0,16,10636.97,3.79
Algodón,franco,gravedad,71.89,180,221,0.3,0.16,0.57,4.963,8.618,114.66,707.2,0.879,0.2596,0.0,13,9572.9,3.367
Algodón,arcilloso,gravedad,58.96,180,240,0.42,0.22,0.65,4.628,7.617,90.45,674.39,0.879,0.3702,0.0,9,9923.76,3.812
Algodón,franco-arcilloso,gravedad,53.39,180,68,0.36,0.2,0.48,7.945,10.304,158.92,1309.94,0.879,0.3121,0.0,27,18128.78,3.648
Algodón,franco-arcilloso,gravedad,65.55,180,178,0.36,0.2,0.48,6.145,10.077,296.14,894.35,0.879,0.3182,0.0,16,10555.69,3.517
Algodón,franco-arenoso,gravedad,41.63,180,110,0.24,0.12,0.48,7.764,9.959,135.1,1223.42,0.879,0.1999,0.0,33,18002.1,3.357
Algodón,arcilloso,gravedad,42.49,180,89,0.42,0.22,0.69,8.016,10.17,247.09,1290.74,0.879,0.3691,0.0,16,17193.22,3.38
Algodón,franco,goteo,72.45,180,171,0.3,0.16,0.62,6.308,10.046,152.17,925.12,0.879,0.2608,0.0,16,8091.73,3.606
Algodón,arcilloso,gravedad,78.29,180,168,0.42,0.22,0.66,6.325,10.062,194.72,923.02,0.879,0.3614,0.0,9,11014.68,3.094
Algodón,franco-arcilloso,gravedad,64.94,180,21,0.36,0.2,0.57,7.116,10.198,50.21,1209.49,0.879,0.3112,0.0,22,18226.83,3.533
Algodón,arcilloso,gravedad,49.13,180,58,0.42,0.22,0.59,7.86,10.604,161.28,1305.97,0.879,0.3594,0.0,16,17256.32,3.419
Algodón,franco,gravedad,75.56,180,307,0.3,0.16,0.56,4.941,9.262,15.57,807.77,0.879,0.2578,0.0,17,12571.97,3.63
Algodón,franco-arcilloso,gravedad,6.25,180,112,0.36,0.2,0.58,7.762,10.379,101.63,1218.98,0.879,0.3111,0.0,21,17555.43,3.332
Algodón,arcilloso,goteo,70.87,180,145,0.42,0.22,0.6,7.128,10.021,227.19,1078.4,0.879,0.3657,0.0,13,8768.39,3.515
Algodón,arcilloso,microaspersion,16.8,180,201,0.42,0.22,0.49,5.412,9.199,130.68,775.03,0.879,0.3621,0.0,11,7474.69,3.464
Algodón,arcilloso,aspersion,63.74,180,289,0.42,0.22,0.49,4.663,8.141,43.56,735.96,0.879,0.3608,0.0,12,8949.13,4.055
Algodón,franco-arcilloso,gravedad,20.34,180,76,0.36,0.2,0.59,8.043,10.785,169.2,1313.21,0.879,0.3087,0.0,20,18493.96,3.29
Algodón,arcilloso,gravedad,19.14,180,298,0.42,0.22,0.55,4.754,8.598,9.31,763.91,0.879,0.3682,0.0,13,11456.31,3.893
Algodón,franco-arcilloso,aspersion,42.59,180,83,0.36,0.2,0.48,7.968,10.942,159.42,1291.97,0.879,0.3101,0.0,25,14719.55,3.458
Algodón,franco,gravedad,11.22,180,332,0.3,0.16,0.61,5.484,9.32,23.69,924.87,0.879,0.2591,0.0,19,14656.93,3.839
Algodón,franco-arenoso,gravedad,41.08,180,269,0.24,0.12,0.7,4.401,7.055,39.17,665.96,0.879,0.2052,0.0,13,9857.11,3.7
Algodón,franco,gravedad,78.9,180,322,0.3,0.16,0.54,5.296,9.086,9.74,886.02,0.879,0.2629,0.0,23,13951.63,3.514
Algodón,franco,gravedad,21.33,180,20,0.3,0.16,0.51,7.181,10.276,25.3,1222.77,0.879,0.2534,0.0,28,18924.43,3.194
Algodón,franco,gravedad,5.19,180,217,0.3,0.16,0.55,5.015,8.871,152.15,717.2,0.879,0.265,0.0,14,9174.89,3.188
Algodón,franco-arcilloso,gravedad,13.07,180,89,0.36,0.2,0.57,8.009,10.041,203.8,1293.16,0.879,0.3143,0.0,22,17240.88,3.566
Algodón,franco,gravedad,25.43,180,363,0.3,0.16,0.64,6.441,9.625,30.06,1096.31,0.879,0.2591,0.0,21,17193.09,3.823
Algodón,arcilloso,aspersion,69.96,180,259,0.42,0.22,0.52,4.446,6.756,26.21,668.02,0.879,0.3596,0.0,10,8141.85,3.392
Algodón,franco-arcilloso,gravedad,36.81,180,322,0.36,0.2,0.51,5.301,9.479,31.49,882.17,0.879,0.316,0.0,20,13588.68,3.747
Algodón,franco,gravedad,69.73,180,254,0.3,0.16,0.67,4.501,7.15,49.71,668.76,0.879,0.2582,0.0,11,10342.59,3.769
Algodón,arcilloso,gravedad,26.96,180,271,0.42,0.22,0.7,4.55,7.556,14.38,694.5,0.879,0.3635,0.0,8,9791.79,3.501
Algodón,franco,gravedad,21.08,180,29,0.3,0.16,0.58,7.317,10.016,55.85,1236.01,0.879,0.2561,0.0,26,19357.03,3.502
Algodón,franco-arcilloso,aspersion,18.41,180,91,0.36,0.2,0.66,7.962,10.185,111.89,1287.43,0.879,0.3141,0.0,20,15410.25,3.471
Algodón,franco-arcilloso,gravedad,29.71,180,189,0.36,0.2,0.49,5.773,10.186,218.09,833.99,0.879,0.3133,0.0,13,9956.81,3.314
Algodón,franco,aspersion,58.68,180,251,0.3,0.16,0.56,4.477,7.605,30.57,660.21,0.879,0.2588,0.0,14,8511.6,2.742
Algodón,franco,gravedad,27.96,180,54,0.3,0.16,0.52,7.911,10.616,125.03,1317.6,0.879,0.2537,0.0,27,18981.97,3.744
Algodón,franco-arenoso,gravedad,79.37,180,69,0.24,0.12,0.54,7.936,10.616,108.98,1310.67,0.879,0.2037,0.0,35,19519.33,3.382
Algodón,franco,aspersion,14.2,180,217,0.3,0.16,0.5,4.981,8.811,132.91,710.95,0.879,0.2614,0.0,15,8229.01,3.697
Algodón,arcilloso,gravedad,78.28,180,22,0.42,0.22,0.66,7.161,10.296,49.25,1210.79,0.879,0.3659,0.0,17,17812.39,3.541
Algodón,franco-arcilloso,gravedad,70.55,180,136,0.36,0.2,0.6,7.346,10.287,316.76,1117.51,0.879,0.3111,0.0,13,12445.43,3.315
Algodón,franco-arenoso,gravedad,42.07,180,256,0.24,0.12,0.66,4.522,6.928,41.97,674.48,0.879,0.2106,0.0,16,9648.26,3.574
Algodón,franco-arcilloso,aspersion,59.72,180,194,0.36,0.2,0.53,5.549,9.308,212.3,802.34,0.879,0.3165,0.0,12,8220.68,3.518
Algodón,franco,aspersion,46.93,180,308,0.3,0.16,0.52,4.941,8.581,1.62,811.4,0.879,0.2564,0.0,18,10164.6,2.972
Algodón,franco,gravedad,62.48,180,239,0.3,0.16,0.48,4.653,8.653,74.28,676.75,0.879,0.2602,0.0,16,8899.47,3.363
Algodón,franco-arcilloso,gravedad,47.05,180,232,0.36,0.2,0.6,4.758,8.939,103.73,682.49,0.879,0.3134,0.0,10,9212.65,3.617
Algodón,franco-arenoso,gravedad,14.19,180,211,0.24,0.12,0.7,5.123,9.445,161.85,729.29,0.879,0.2071,0.0,12,9435.18,3.558
Algodón,franco,gravedad,69.4,180,169,0.3,0.16,0.58,6.369,10.315,195.05,934.53,0.879,0.2622,0.0,18,11975.57,3.971
Algodón,arcilloso,aspersion,55.43,180,18,0.42,0.22,0.61,7.089,10.252,34.21,1204.09,0.879,0.3608,0.0,16,15229.04,3.533
Algodón,franco-arcilloso,aspersion,20.38,180,245,0.36,0.2,0.58,4.502,7.059,85.19,657.7,0.879,0.3199,0.0,12,7288.07,3.329
Algodón,franco-arcilloso,goteo,67.24,180,243,0.36,0.2,0.48,4.567,7.956,54.67,665.33,0.879,0.3169,0.0,15,6571.93,3.092
Algodón,arcilloso,gravedad,9.67,180,333,0.42,0.22,0.56,5.57,9.593,24.04,932.41,0.879,0.3595,0.0,13,14183.72,3.134
Algodón,franco-arenoso,gravedad,10.47,180,335,0.24,0.12,0.53,5.638,9.682,14.78,950.29,0.879,0.1985,0.0,23,14853.49,3.614
Algodón,franco,gravedad,41.66,180,318,0.3,0.16,0.59,5.142,9.095,39.2,854.04,0.879,0.2562,0.0,16,13036.52,3.779
Algodón,franco-arcilloso,gravedad,35.08,180,153,0.36,0.2,0.52,6.857,10.434,265.35,1024.51,0.879,0.3175,0.0,18,12311.13,3.398
Algodón,franco-arcilloso,gravedad,67.88,180,91,0.36,0.2,0.52,8.005,10.085,122.97,1284.42,0.879,0.3084,0.0,23,18528.82,3.389
Algodón,franco-arenoso,aspersion,52.26,180,136,0.24,0.12,0.57,7.386,10.176,208.0,1127.64,0.879,0.2023,0.0,22,11892.22,4.183
Algodón,arcilloso,gravedad,21.78,180,172,0.42,0.22,0.54,6.24,10.16,159.17,908.96,0.879,0.3678,0.0,13,11686.75,3.457
Algodón,franco,gravedad,50.53,180,215,0.3,0.16,0.59,5.08,8.968,167.03,721.26,0.879,0.2592,0.0,11,8850.28,3.585
Algodón,arcilloso,gravedad,59.28,180,345,0.42,0.22,0.67,5.998,10.236,17.47,1014.39,0.879,0.3668,0.0,14,15592.65,3.578
Algodón,arcilloso,gravedad,43.64,180,115,0.42,0.22,0.67,7.764,10.347,233.3,1219.35,0.879,0.361,0.0,12,15268.36,3.495
Algodón,franco-arcilloso,gravedad,34.7,180,100,0.36,0.2,0.69,7.913,10.363,199.41,1259.55,0.879,0.3116,0.0,17,16989.69,3.801
Algodón,franco-arenoso,gravedad,16.91,180,113,0.24,0.12,0.62,7.797,10.563,152.36,1221.49,0.879,0.2002,0.0,23,16912.41,3.444
Algodón,franco-arcilloso,aspersion,63.78,180,300,0.36,0.2,0.66,4.79,7.932,31.91,769.49,0.879,0.3204,0.0,14,9397.68,3.989
Algodón,franco,gravedad,45.77,180,17,0.3,0.16,0.56,6.976,10.502,36.62,1187.28,0.879,0.2563,0.0,25,18019.2,4.141
Algodón,franco,gravedad,11.97,180,132,0.3,0.16,0.5,7.37,10.031,223.06,1126.49,0.879,0.2551,0.0,21,14629.9,3.806
Algodón,arcilloso,gravedad,41.46,180,246,0.42,0.22,0.54,4.536,7.734,79.44,662.43,0.879,0.366,0.0,10,10162.66,3.07
Algodón,franco-arcilloso,gravedad,18.15,180,75,0.36,0.2,0.64,7.969,9.841,149.83,1303.99,0.879,0.3156,0.0,21,18071.48,3.157
Algodón,franco,aspersion,21.79,180,202,0.3,0.16,0.55,5.452,9.487,151.65,775.97,0.879,0.2607,0.0,15,8571.13,3.43
Algodón,franco-arcilloso,gravedad,79.87,180,116,0.36,0.2,0.61,7.697,10.029,131.24,1209.77,0.879,0.3089,0.0,18,16248.6,3.278
Algodón,arcilloso,gravedad,5.56,180,146,0.42,0.22,0.58,7.048,10.381,84.72,1062.65,0.879,0.369,0.0,17,14813.36,3.521
Algodón,arcilloso,gravedad,15.96,180,39,0.42,0.22,0.58,7.533,10.143,48.18,1263.57,0.879,0.3575,0.0,17,18902.63,3.081
Algodón,franco-arenoso,gravedad,73.44,180,245,0.24,0.12,0.53,4.584,8.073,70.91,669.31,0.879,0.2075,0.0,19,9760.43,3.483
Algodón,franco,gravedad,52.57,180,115,0.3,0.16,0.69,7.754,10.41,196.16,1213.73,0.879,0.2565,0.0,17,15990.88,4.038
Algodón,franco-arcilloso,gravedad,53.05,180,90,0.36,0.2,0.54,8.034,10.112,270.51,1292.78,0.879,0.3123,0.0,21,16696.28,3.63
Algodón,arcilloso,gravedad,48.57,180,311,0.42,0.22,0.48,5.0,9.097,20.57,819.49,0.879,0.3582,0.0,14,12460.5,3.384
Uva,arcilloso,aspersion,54.34,215,285,0.42,0.22,0.63,5.13,9.226,29.98,719.95,0.65,0.3666,0.0,10,8398.24,21.905
Uva,franco-arcilloso,microaspersion,44.43,215,95,0.36,0.2,0.51,7.51,10.082,195.62,1058.85,0.65,0.3152,0.0,20,10381.98,22.162
Uva,franco-arcilloso,goteo,5.19,215,101,0.36,0.2,0.68,7.374,10.448,183.97,1029.06,0.65,0.3135,0.0,14,9476.36,22.007
Uva,franco-arcilloso,aspersion,61.91,215,35,0.36,0.2,0.69,7.476,10.53,94.32,1103.34,0.65,0.3108,0.0,15,13120.59,23.41
Uva,franco-arcilloso,gravedad,42.44,215,123,0.36,0.2,0.7,6.954,10.522,214.68,944.7,0.65,0.3124,0.0,11,11788.94,21.694
Uva,arcilloso,microaspersion,21.28,215,66,0.42,0.22,0.58,7.722,10.025,241.12,1115.3,0.65,0.3673,0.0,14,10045.54,25.786
Uva,franco-arcilloso,gravedad,77.73,215,219,0.36,0.2,0.65,4.909,8.934,90.24,634.11,0.65,0.3183,0.0,10,9017.38,18.215
Uva,arcilloso,aspersion,54.05,215,335,0.42,0.22,0.59,6.177,10.289,18.26,916.38,0.65,0.3629,0.0,13,12259.06,21.468
Uva,franco-arcilloso,aspersion,46.07,215,339,0.36,0.2,0.61,6.266,10.044,69.95,929.25,0.65,0.3188,0.0,18,11510.05,26.489
Uva,franco,goteo,31.15,215,321,0.3,0.16,0.56,5.792,10.002,21.72,853.9,0.65,0.2596,0.0,19,9103.55,23.299
Uva,franco,goteo,21.42,215,162,0.3,0.16,0.57,6.127,10.308,187.98,803.27,0.65,0.2591,0.0,13,6423.98,22.682
Uva,franco-arcilloso,goteo,5.35,215,14,0.36,0.2,0.64,7.222,10.532,69.83,1075.7,0.65,0.3168,0.0,19,10855.91,21.695
Uva,franco-arcilloso,aspersion,71.99,215,237,0.36,0.2,0.49,4.83,8.6,69.51,623.84,0.65,0.3131,0.0,12,7294.21,23.552
Uva,arcilloso,goteo,48.66,215,57,0.42,0.22,0.62,7.663,10.242,198.53,1118.61,0.65,0.3629,0.0,13,9275.2,18.7
Uva,franco-arcilloso,goteo,13.81,215,133,0.36,0.2,0.58,6.792,10.57,164.02,915.33,0.65,0.3137,0.0,14,8111.23,21.312
Uva,franco,goteo,42.05,215,223,0.3,0.16,0.51,4.941,8.432,139.89,636.06,0.65,0.2612,0.0,12,5328.86,22.951
Uva,franco-arcilloso,goteo,63.63,215,333,0.36,0.2,0.63,6.136,10.458,37.79,909.23,0.65,0.3146,0.0,16,9347.54,20.809
Uva,arcilloso,goteo,59.79,215,113,0.42,0.22,0.59,7.175,10.233,177.16,986.94,0.65,0.3652,0.0,12,8451.43,22.392
Uva,franco-arcilloso,goteo,30.87,215,307,0.36,0.2,0.69,5.573,9.763,50.02,807.7,0.65,0.3205,0.0,14,8179.89,22.34
Uva,franco,goteo,58.1,215,234,0.3,0.16,0.54,4.817,7.871,67.83,623.02,0.65,0.257,0.0,12,5455.2,23.358
Uva,franco-arcilloso,aspersion,72.08,215,343,0.36,0.2,0.62,6.349,10.084,57.82,943.48,0.65,0.313,0.0,15,11535.78,21.783
Uva,franco,gravedad,36.14,215,341,0.3,0.16,0.46,6.339,10.443,40.17,942.34,0.65,0.2575,0.0,24,14599.26,22.802
Uva,franco-arenoso,goteo,76.58,215,221,0.24,0.12,0.57,4.964,8.889,84.39,637.03,0.65,0.2073,0.0,15,6031.89,23.147
Uva,franco,aspersion,62.81,215,185,0.3,0.16,0.65,5.553,9.843,192.56,714.89,0.65,0.2661,0.0,12,7086.42,21.526
Uva,franco-arcilloso,goteo,33.92,215,176,0.36,0.2,0.47,5.738,10.568,214.71,741.21,0.65,0.3103,0.0,12,5993.39,25.87
Uva,arcilloso,goteo,5.99,215,127,0.42,0.22,0.64,6.928,10.273,140.97,938.87,0.65,0.3689,0.0,12,8208.58,19.364
Uva,franco,goteo,54.27,215,158,0.3,0.16,0.46,6.165,9.909,241.44,806.01,0.65,0.2591,0.0,16,6641.92,24.568
Uva,franco-arenoso,aspersion,51.17,215,61,0.24,0.12,0.68,7.695,10.144,253.58,1118.14,0.65,0.2084,0.0,21,12004.77,18.906
Uva,franco,goteo,72.99,215,254,0.3,0.16,0.55,4.814,8.915,44.15,640.52,0.65,0.2662,0.0,16,6382.74,23.158
Uva,franco,aspersion,69.89,215,363,0.3,0.16,0.62,6.822,10.717,83.44,1018.06,0.65,0.2569,0.0,17,11481.57,18.431
Uva,franco-arcilloso,goteo,7.84,215,303,0.36,0.2,0.56,5.43,9.513,7.21,782.04,0.65,0.3135,0.0,15,8324.7,24.763
Uva,franco,goteo,69.82,215,307,0.3,0.16,0.52,5.51,10.17,16.87,797.95,0.65,0.2597,0.0,19,8253.24,24.722
Uva,franco,gravedad,56.35,215,300,0.3,0.16,0.64,5.36,9.703,47.34,768.14,0.65,0.2636,0.0,15,11345.32,19.583
Uva,franco-arcilloso,goteo,19.18,215,1,0.36,0.2,0.66,6.937,10.744,89.43,1036.23,0.65,0.3201,0.0,18,10025.71,23.619
Uva,franco-arcilloso,goteo,48.79,215,187,0.36,0.2,0.65,5.45,9.97,152.23,696.91,0.65,0.3162,0.0,10,5890.04,25.935
Uva,franco,goteo,68.29,215,230,0.3,0.16,0.46,5.0,8.588,93.02,648.35,0.65,0.2598,0.0,15,5988.66,23.058
Uva,arcilloso,gravedad,79.75,215,85,0.42,0.22,0.57,7.615,10.7,142.62,1080.32,0.65,0.3682,0.0,16,15853.32,20.056
Uva,arcilloso,goteo,57.92,215,306,0.42,0.22,0.48,5.51,10.867,19.82,794.95,0.65,0.3676,0.0,16,8141.34,22.0
Uva,franco-arcilloso,goteo,28.12,215,49,0.36,0.2,0.56,7.723,10.492,285.02,1130.72,0.65,0.3177,0.0,18,9622.24,21.746
Uva,franco-arcilloso,microaspersion,61.8,215,112,0.36,0.2,0.48,7.255,10.133,203.73,999.43,0.65,0.3192,0.0,21,9662.77,22.257
Uva,franco,goteo,72.18,215,230,0.3,0.16,0.49,4.916,8.393,93.95,639.8,0.65,0.2646,0.0,16,6028.71,20.689
Uva,franco-arcilloso,aspersion,34.53,215,182,0.36,0.2,0.49,5.618,9.746,122.38,720.82,0.65,0.3131,0.0,13,7943.91,24.594
Uva,franco-arcilloso,aspersion,79.24,215,211,0.36,0.2,0.61,5.107,9.399,166.28,652.86,0.65,0.3186,0.0,9,6656.44,18.232
Uva,franco-arcilloso,goteo,28.25,215,361,0.36,0.2,0.68,6.811,10.044,95.0,1019.02,0.65,0.3201,0.0,17,10274.23,20.453
Uva,franco-arcilloso,microaspersion,29.6,215,120,0.36,0.2,0.63,7.091,10.779,220.46,969.48,0.65,0.3132,0.0,14,8738.61,20.397
Uva,franco-arenoso,goteo,44.8,215,236,0.24,0.12,0.69,4.828,7.821,95.92,629.18,0.65,0.2116,0.0,12,5534.53,22.751
Uva,franco-arcilloso,aspersion,31.71,215,263,0.36,0.2,0.47,4.815,8.528,24.51,652.69,0.65,0.3168,0.0,16,8139.72,23.354
Uva,franco-arenoso,goteo,27.87,215,151,0.24,0.12,0.49,6.41,10.228,210.21,846.57,0.65,0.2041,0.0,19,7031.67,23.58
Uva,arcilloso,goteo,72.66,215,206,0.42,0.22,0.57,5.183,9.222,200.34,659.43,0.65,0.3645,0.0,7,4571.61,21.338
Uva,franco-arcilloso,aspersion,79.61,215,116,0.36,0.2,0.66,7.209,10.661,198.45,993.24,0.65,0.3166,0.0,14,10509.18,22.721
Uva,franco-arcilloso,microaspersion,69.0,215,208,0.36,0.2,0.55,5.132,10.008,92.15,652.59,0.65,0.3184,0.0,13,6940.55,26.044
Uva,franco-arcilloso,goteo,33.13,215,204,0.36,0.2,0.51,5.19,9.141,99.46,663.52,0.65,0.3174,0.0,13,5917.53,23.799
Uva,franco-arcilloso,goteo,28.9,215,70,0.36,0.2,0.69,7.655,9.877,180.96,1101.6,0.65,0.3118,0.0,15,9849.04,22.989
Uva,arcilloso,goteo,64.18,215,71,0.42,0.22,0.53,7.661,10.285,169.36,1105.38,0.65,0.3663,0.0,17,10294.0,19.865
Uva,franco,aspersion,71.5,215,242,0.3,0.16,0.69,4.864,7.964,110.84,633.97,0.65,0.261,0.0,9,6543.92,23.454
Uva,franco-arcilloso,microaspersion,28.41,215,208,0.36,0.2,0.64,5.145,9.498,136.88,657.74,0.65,0.3229,0.0,10,5658.44,23.325
Uva,franco,aspersion,59.05,215,234,0.3,0.16,0.55,4.893,8.024,78.45,636.95,0.65,0.2623,0.0,12,7159.46,23.362
Uva,franco-arcilloso,aspersion,15.24,215,282,0.36,0.2,0.52,5.105,9.079,12.53,712.59,0.65,0.3114,0.0,14,9205.97,20.942
Uva,arcilloso,goteo,22.35,215,255,0.42,0.22,0.64,4.913,8.619,75.12,655.59,0.65,0.3644,0.0,8,6468.76,23.065
Uva,franco,goteo,5.16,215,319,0.3,0.16,0.69,5.842,10.128,21.64,855.39,0.65,0.2615,0.0,16,8938.31,21.972
Uva,franco,goteo,14.76,215,337,0.3,0.16,0.48,6.219,10.329,33.4,921.75,0.65,0.255,0.0,21,9144.78,23.349
Uva,franco-arcilloso,goteo,33.29,215,141,0.36,0.2,0.65,6.592,10.134,163.63,879.88,0.65,0.3124,0.0,11,7172.55,20.371
Uva,arcilloso,microaspersion,12.79,215,202,0.42,0.22,0.69,5.257,9.879,207.68,670.09,0.65,0.374,0.0,6,4836.35,24.823
Uva,franco-arenoso,goteo,72.36,215,359,0.24,0.12,0.56,6.792,10.187,58.81,1012.34,0.65,0.2029,0.0,24,10553.34,22.756
Uva,franco-arcilloso,goteo,51.93,215,196,0.36,0.2,0.66,5.34,9.564,110.04,682.05,0.65,0.3131,0.0,9,6115.02,19.16
Uva,franco-arenoso,goteo,35.27,215,205,0.24,0.12,0.6,5.208,9.767,105.74,663.4,0.65,0.208,0.0,15,5842.28,19.74
Uva,franco-arcilloso,goteo,58.21,215,166,0.36,0.2,0.59,6.001,10.657,172.89,780.74,0.65,0.3192,0.0,12,6222.08,24.152
Uva,arcilloso,microaspersion,36.79,215,7,0.42,0.22,0.55,7.009,10.573,69.7,1045.01,0.65,0.3654,0.0,16,10963.98,19.844
Uva,arcilloso,goteo,10.94,215,116,0.42,0.22,0.55,7.147,10.41,173.85,983.93,0.65,0.3682,0.0,14,8672.1,22.036
Uva,arcilloso,microaspersion,29.07,215,130,0.42,0.22,0.68,6.845,9.909,208.14,924.4,0.65,0.3651,0.0,9,8507.43,22.001
Uva,franco-arcilloso,goteo,38.43,215,210,0.36,0.2,0.58,5.128,8.733,107.11,655.98,0.65,0.3192,0.0,11,5972.71,22.806
Uva,franco,microaspersion,13.43,215,37,0.3,0.16,0.59,7.539,10.494,144.86,1112.03,0.65,0.2589,0.0,20,10986.43,21.978
Uva,arcilloso,goteo,8.64,215,342,0.42,0.22,0.67,6.325,9.853,69.01,945.21,0.65,0.3661,0.0,12,9921.27,28.858
Uva,franco-arcilloso,goteo,57.64,215,226,0.36,0.2,0.63,4.925,9.41,145.6,633.09,0.65,0.3235,0.0,10,5431.12,23.477
Uva,arcilloso,goteo,54.5,215,326,0.42,0.22,0.54,5.919,10.099,27.98,874.37,0.65,0.3677,0.0,15,8602.58,24.358
Uva,franco-arcilloso,microaspersion,22.01,215,4,0.36,0.2,0.58,6.993,10.813,121.99,1043.4,0.65,0.314,0.0,17,10399.7,22.407
Uva,franco,gravedad,65.75,215,181,0.3,0.16,0.51,5.68,10.254,193.56,726.46,0.65,0.2643,0.0,15,8981.31,23.518
Uva,arcilloso,gravedad,79.65,215,128,0.42,0.22,0.63,6.935,10.589,239.04,939.81,0.65,0.3649,0.0,9,10969.63,19.316
Uva,franco,goteo,55.31,215,64,0.3,0.16,0.51,7.702,9.969,226.32,1117.3,0.65,0.2615,0.0,24,10008.88,17.86
Uva,arcilloso,aspersion,51.17,215,2,0.42,0.22,0.58,6.937,10.066,75.73,1036.19,0.65,0.366,0.0,16,12454.94,21.339
Uva,arcilloso,goteo,47.31,215,246,0.42,0.22,0.48,4.82,8.098,96.24,637.13,0.65,0.3747,0.0,12,5874.92,24.553
Uva,arcilloso,goteo,32.4,215,281,0.42,0.22,0.54,5.087,9.105,29.63,709.23,0.65,0.3603,0.0,11,7208.61,23.164
Uva,franco-arcilloso,goteo,57.62,215,91,0.36,0.2,0.63,7.474,10.083,285.1,1055.45,0.65,0.3132,0.0,13,8246.92,21.867
Uva,arcilloso,goteo,56.76,215,295,0.42,0.22,0.67,5.29,10.337,33.89,752.2,0.65,0.3649,0.0,9,7067.37,22.503
Uva,franco-arcilloso,goteo,8.15,215,203,0.36,0.2,0.68,5.209,9.798,128.74,664.39,0.65,0.3139,0.0,8,5083.93,22.148
Uva,franco-arenoso,goteo,51.38,215,114,0.24,0.12,0.53,7.157,10.13,334.81,985.11,0.65,0.2079,0.0,20,7458.92,23.026
Uva,franco-arcilloso,goteo,61.8,215,122,0.36,0.2,0.58,6.977,10.222,200.62,949.11,0.65,0.3148,0.0,14,7945.22,23.084
Uva,franco,microaspersion,71.48,215,241,0.3,0.16,0.64,4.856,7.816,93.13,635.61,0.65,0.2616,0.0,11,6431.47,22.176
Uva,arcilloso,aspersion,59.89,215,282,0.42,0.22,0.47,5.103,9.305,21.38,712.05,0.65,0.3596,0.0,12,8914.07,19.577
Uva,arcilloso,microaspersion,73.94,215,339,0.42,0.22,0.56,6.244,10.603,20.24,929.7,0.65,0.3678,0.0,15,10242.61,22.793
Uva,franco-arcilloso,microaspersion,53.89,215,193,0.36,0.2,0.6,5.338,9.715,191.6,680.6,0.65,0.3248,0.0,11,5936.81,21.579
Uva,franco-arcilloso,goteo,53.77,215,33,0.36,0.2,0.64,7.446,10.71,198.58,1099.77,0.65,0.3178,0.0,17,9641.47,23.479
Uva,franco,goteo,15.29,215,142,0.3,0.16,0.67,6.619,10.754,150.11,880.21,0.65,0.2544,0.0,13,7815.1,20.394
Uva,franco-arcilloso,microaspersion,45.65,215,340,0.36,0.2,0.5,6.299,10.294,48.82,934.42,0.65,0.3158,0.0,21,10416.89,22.639
Uva,franco,goteo,62.17,215,267,0.3,0.16,0.69,4.922,8.187,10.38,669.33,0.65,0.2569,0.0,11,7133.41,19.289
Uva,franco-arenoso,aspersion,70.95,215,174,0.24,0.12,0.69,5.78,9.874,193.89,745.89,0.65,0.2105,0.0,13,7186.8,22.169
Uva,arcilloso,gravedad,57.76,215,195,0.42,0.22,0.67,5.275,9.632,210.75,670.59,0.65,0.3669,0.0,6,7170.12,20.838
Uva,arcilloso,gravedad,15.66,215,271,0.42,0.22,0.51,4.933,8.704,21.5,678.94,0.65,0.3627,0.0,11,10737.23,22.573
Uva,franco-arcilloso,goteo,54.88,215,198,0.36,0.2,0.55,5.29,9.161,80.14,672.7,0.65,0.3158,0.0,12,6249.8,23.359
Uva,franco,goteo,32.99,215,171,0.3,0.16,0.61,5.855,10.911,172.98,757.49,0.65,0.2561,0.0,11,5816.84,21.178
Uva,franco-arcilloso,goteo,28.82,215,177,0.36,0.2,0.64,5.667,10.172,199.49,725.86,0.65,0.3197,0.0,10,5877.18,22.704
Uva,franco,microaspersion,41.57,215,300,0.3,0.16,0.54,5.332,9.465,13.6,763.83,0.65,0.2583,0.0,17,8564.21,24.759
Uva,franco,microaspersion,35.6,215,85,0.3,0.16,0.67,7.523,10.02,123.51,1067.46,0.65,0.2622,0.0,19,11052.99,26.28
Uva,franco-arenoso,goteo,24.88,215,84,0.24,0.12,0.47,7.617,9.997,159.6,1085.56,0.65,0.2024,0.0,29,10015.57,22.316
Uva,arcilloso,gravedad,62.61,215,83,0.42,0.22,0.48,7.623,10.399,227.77,1083.97,0.65,0.3655,0.0,17,13498.08,19.9
Uva,franco-arcilloso,goteo,67.8,215,37,0.36,0.2,0.62,7.544,10.454,137.54,1115.21,0.65,0.3114,0.0,16,10273.21,23.403
Uva,arcilloso,goteo,69.29,215,289,0.42,0.22,0.66,5.119,9.387,34.76,720.57,0.65,0.3662,0.0,9,7176.53,21.305
Uva,franco,goteo,42.64,215,85,0.3,0.16,0.68,7.564,10.14,234.0,1075.97,0.65,0.2578,0.0,15,9189.12,22.406
Uva,arcilloso,goteo,16.29,215,3,0.42,0.22,0.61,6.997,10.065,135.66,1042.79,0.65,0.3682,0.0,14,9670.17,22.977
Uva,franco-arcilloso,aspersion,42.64,215,158,0.36,0.2,0.63,6.219,10.14,109.33,815.29,0.65,0.3173,0.0,13,9060.89,23.95
Uva,franco,goteo,29.38,215,42,0.3,0.16,0.48,7.635,9.964,166.21,1125.42,0.65,0.2521,0.0,22,9997.71,26.354
Uva,franco,aspersion,33.43,215,338,0.3,0.16,0.56,6.343,11.0,29.51,942.01,0.65,0.2564,0.0,19,12081.18,21.181
Uva,arcilloso,microaspersion,73.8,215,12,0.42,0.22,0.53,7.19,9.749,115.43,1070.01,0.65,0.362,0.0,16,11485.54,21.943
Uva,franco,goteo,35.14,215,340,0.3,0.16,0.47,6.22,10.416,33.91,925.15,0.65,0.2596,0.0,25,9512.28,22.237
Uva,franco,microaspersion,76.34,215,160,0.3,0.16,0.46,6.121,9.807,144.71,797.75,0.65,0.263,0.0,20,7645.28,22.455
Uva,arcilloso,goteo,68.41,215,2,0.42,0.22,0.68,6.913,10.091,113.49,1032.67,0.65,0.3674,0.0,12,9743.5,21.846
Uva,franco-arcilloso,goteo,69.53,215,5,0.36,0.2,0.65,6.979,10.044,158.96,1044.23,0.65,0.3148,0.0,15,9500.22,20.612
Uva,franco-arcilloso,microaspersion,9.73,215,331,0.36,0.2,0.54,6.014,10.512,20.23,887.86,0.65,0.3119,0.0,17,10068.93,23.157
Uva,arcilloso,gravedad,58.19,215,45,0.42,0.22,0.5,7.55,9.898,213.43,1109.02,0.65,0.3625,0.0,15,14282.32,25.868
Uva,franco-arenoso,goteo,48.68,215,329,0.24,0.12,0.49,6.011,10.488,20.07,887.5,0.65,0.2021,0.0,24,9108.43,19.998
Uva,arcilloso,goteo,45.62,215,27,0.42,0.22,0.46,7.404,10.479,154.48,1101.8,0.65,0.3671,0.0,20,10178.44,25.316
Uva,franco-arcilloso,goteo,32.67,215,153,0.36,0.2,0.47,6.358,10.163,209.36,835.8,0.65,0.3213,0.0,17,6731.17,20.025
Uva,arcilloso,goteo,70.99,215,298,0.42,0.22,0.48,5.332,9.385,44.4,763.08,0.65,0.3599,0.0,12,7300.43,21.231
Uva,franco-arcilloso,goteo,20.29,215,332,0.36,0.2,0.7,6.109,9.973,25.98,900.22,0.65,0.3162,0.0,14,9505.57,22.115
Uva,franco-arenoso,microaspersion,63.45,215,361,0.24,0.12,0.53,6.9,10.301,98.87,1028.61,0.65,0.2031,0.0,25,10833.71,23.386
Uva,arcilloso,goteo,52.26,215,137,0.42,0.22,0.67,6.688,10.051,168.07,896.91,0.65,0.3641,0.0,9,7811.73,20.835
Uva,arcilloso,microaspersion,11.55,215,238,0.42,0.22,0.6,4.805,8.6,68.76,622.7,0.65,0.3733,0.0,9,6039.33,19.873
Uva,franco,goteo,77.08,215,289,0.3,0.16,0.61,5.164,9.067,35.24,728.13,0.65,0.2629,0.0,16,7700.59,20.869
Uva,arcilloso,goteo,14.95,215,60,0.42,0.22,0.51,7.716,10.7,290.47,1125.28,0.65,0.3635,0.0,14,9071.83,22.462
Uva,franco-arcilloso,goteo,51.09,215,253,0.36,0.2,0.56,4.822,7.779,46.75,640.99,0.65,0.3191,0.0,12,6127.86,21.99
Uva,franco,goteo,48.67,215,11,0.3,0.16,0.61,7.082,10.135,127.24,1057.25,0.65,0.2599,0.0,20,10112.14,22.985
Uva,franco-arcilloso,goteo,17.21,215,205,0.36,0.2,0.52,5.184,9.505,199.62,662.82,0.65,0.3219,0.0,12,5440.2,24.006
Uva,arcilloso,microaspersion,29.07,215,308,0.42,0.22,0.58,5.504,10.119,15.22,795.51,0.65,0.3686,0.0,13,9052.51,24.489
Uva,franco-arcilloso,microaspersion,33.14,215,264,0.36,0.2,0.58,4.853,8.434,88.23,658.58,0.65,0.3172,0.0,12,6889.17,23.392
Uva,franco-arcilloso,aspersion,72.98,215,89,0.36,0.2,0.56,7.518,10.852,232.09,1064.96,0.65,0.315,0.0,17,11313.8,22.496
Uva,franco-arcilloso,goteo,75.32,215,310,0.36,0.2,0.54,5.609,9.907,35.6,818.05,0.65,0.311,0.0,15,8697.94,18.635
Uva,franco-arcilloso,goteo,46.27,215,333,0.36,0.2,0.64,6.106,10.648,16.57,905.75,0.65,0.3116,0.0,14,9125.43,20.261
Uva,franco-arcilloso,microaspersion,16.18,215,96,0.36,0.2,0.51,7.416,10.095,148.51,1045.58,0.65,0.3063,0.0,18,10625.46,23.071
Uva,arcilloso,gravedad,66.67,215,21,0.42,0.22,0.51,7.255,10.212,67.23,1080.31,0.65,0.3643,0.0,18,15959.95,24.313
Uva,arcilloso,goteo,21.94,215,264,0.42,0.22,0.47,4.85,8.685,39.13,656.03,0.65,0.3732,0.0,14,6916.68,23.562
Uva,franco,aspersion,28.57,215,48,0.3,0.16,0.48,7.704,10.35,158.03,1127.83,0.65,0.2638,0.0,29,13086.5,18.536
Uva,franco-arcilloso,goteo,64.72,215,232,0.36,0.2,0.66,4.9,8.31,105.66,634.34,0.65,0.3184,0.0,8,5317.09,22.794
Uva,franco,aspersion,72.76,215,108,0.3,0.16,0.54,7.327,10.615,216.22,1013.38,0.65,0.261,0.0,20,10822.52,23.305
Uva,franco-arcilloso,goteo,25.99,215,345,0.36,0.2,0.46,6.368,10.068,98.59,946.45,0.65,0.3112,0.0,20,9225.36,23.831
Uva,arcilloso,microaspersion,44.37,215,78,0.42,0.22,0.63,7.74,10.467,189.61,1107.94,0.65,0.364,0.0,13,10223.11,21.634
Uva,franco-arcilloso,gravedad,56.69,215,45,0.36,0.2,0.54,7.65,9.999,125.88,1125.87,0.65,0.3159,0.0,22,15214.94,20.787
Uva,franco-arenoso,microaspersion,19.8,215,14,0.24,0.12,0.51,7.188,10.48,68.57,1072.12,0.65,0.2025,0.0,28,11904.59,22.709
Uva,franco-arcilloso,goteo,35.09,215,63,0.36,0.2,0.67,7.607,10.318,189.02,1101.15,0.65,0.3196,0.0,17,9966.89,21.824
Uva,franco-arcilloso,gravedad,19.13,215,190,0.36,0.2,0.65,5.464,9.583,156.07,698.02,0.65,0.3154,0.0,8,7898.42,23.522
Uva,franco,microaspersion,24.99,215,117,0.3,0.16,0.54,7.144,10.096,182.79,980.98,0.65,0.2612,0.0,20,8940.0,22.385
Uva,franco,aspersion,62.82,215,352,0.3,0.16,0.67,6.615,10.494,59.97,984.9,0.65,0.2583,0.0,16,12020.7,20.973
Uva,arcilloso,goteo,59.76,215,137,0.42,0.22,0.45,6.717,10.799,217.11,898.98,0.65,0.3615,0.0,13,7345.83,20.219
Uva,franco-arcilloso,aspersion,68.41,215,192,0.36,0.2,0.56,5.423,9.354,85.99,694.2,0.65,0.319,0.0,13,7876.02,24.153
Uva,arcilloso,aspersion,37.76,215,341,0.42,0.22,0.65,6.361,10.543,58.02,943.33,0.65,0.3616,0.0,11,11087.27,21.371
Uva,franco-arcilloso,microaspersion,9.69,215,187,0.36,0.2,0.48,5.474,9.855,169.88,697.97,0.65,0.3172,0.0,13,6394.35,24.866
Uva,franco-arenoso,goteo,44.32,215,200,0.24,0.12,0.58,5.245,9.74,279.6,668.63,0.65,0.2094,0.0,12,5437.55,22.164
Uva,arcilloso,microaspersion,13.37,215,9,0.42,0.22,0.6,7.136,10.859,147.39,1063.89,0.65,0.3662,0.0,14,11155.99,18.822
Uva,franco,goteo,26.07,215,55,0.3,0.16,0.65,7.66,9.757,278.45,1117.08,0.65,0.2599,0.0,15,8854.85,19.55
Uva,arcilloso,goteo,20.47,215,55,0.42,0.22,0.55,7.667,10.296,293.79,1120.51,0.65,0.374,0.0,16,9145.48,24.76
Uva,arcilloso,aspersion,37.16,215,149,0.42,0.22,0.62,6.42,10.232,171.71,847.39,0.65,0.3735,0.0,11,8550.07,23.855
Chile,franco,aspersion,29.15,125,135,0.3,0.16,0.65,8.3,10.034,202.21,891.17,0.868,0.2554,0.0,12,8737.29,29.819
Chile,arcilloso,microaspersion,12.4,125,307,0.42,0.22,0.63,4.084,6.307,34.6,446.98,0.868,0.3647,0.0,6,4608.34,31.975
Chile,arcilloso,aspersion,42.03,125,281,0.42,0.22,0.69,3.986,6.189,35.67,423.57,0.868,0.3652,0.0,5,4842.0,28.422
Chile,franco-arcilloso,aspersion,16.77,125,316,0.36,0.2,0.68,4.261,7.082,13.58,470.3,0.868,0.3125,0.0,7,6304.39,23.712
Chile,franco-arenoso,gravedad,75.24,125,161,0.24,0.12,0.54,7.799,10.322,179.69,823.59,0.868,0.2053,0.0,20,10848.86,30.117
Chile,franco-arcilloso,goteo,63.23,125,329,0.36,0.2,0.67,4.469,7.601,3.97,499.86,0.868,0.315,0.0,8,4963.39,31.535
Chile,arcilloso,gravedad,28.58,125,171,0.42,0.22,0.64,7.383,10.003,149.97,775.73,0.868,0.3565,0.0,8,9225.69,29.627
Chile,franco-arcilloso,gravedad,43.9,125,151,0.36,0.2,0.56,8.01,10.548,167.8,851.5,0.868,0.3152,0.0,15,11323.44,24.436
Chile,arcilloso,gravedad,54.07,125,43,0.42,0.22,0.65,7.214,9.98,5.42,813.15,0.868,0.3626,0.0,11,13237.61,30.558
Chile,franco-arcilloso,gravedad,53.46,125,94,0.36,0.2,0.66,8.441,10.501,47.7,929.94,0.868,0.3118,0.0,15,14203.17,29.397
Chile,franco-arcilloso,gravedad,28.07,125,137,0.36,0.2,0.67,8.313,10.363,96.81,892.25,0.868,0.312,0.0,13,12416.73,33.287
Chile,franco,goteo,79.13,125,344,0.3,0.16,0.69,4.931,8.46,24.32,558.31,0.868,0.2591,0.0,9,5221.65,36.311
Chile,franco,microaspersion,19.53,125,88,0.3,0.16,0.6,8.36,10.076,66.02,921.19,0.868,0.2569,0.0,18,9604.24,27.346
Chile,arcilloso,microaspersion,49.06,125,30,0.42,0.22,0.65,6.623,9.694,16.28,748.47,0.868,0.3697,0.0,11,8372.41,29.192
Chile,franco,aspersion,74.38,125,281,0.3,0.16,0.5,4.053,5.888,7.36,429.6,0.868,0.261,0.0,11,5117.93,29.887
Chile,franco,gravedad,61.42,125,142,0.3,0.16,0.45,8.148,10.047,138.42,871.6,0.868,0.2554,0.0,20,11328.86,30.638
Chile,franco,goteo,20.22,125,274,0.3,0.16,0.56,4.166,6.888,16.95,437.96,0.868,0.2624,0.0,10,4172.57,28.77
Chile,franco,microaspersion,37.54,125,134,0.3,0.16,0.65,8.203,10.054,184.06,881.7,0.868,0.2548,0.0,13,8339.85,29.118
Chile,franco,microaspersion,55.93,125,288,0.3,0.16,0.53,3.984,5.986,3.56,424.57,0.868,0.262,0.0,11,4995.37,30.207
Chile,franco,gravedad,18.54,125,146,0.3,0.16,0.56,7.988,9.842,285.67,852.46,0.868,0.2637,0.0,14,8601.37,29.839
Chile,franco,microaspersion,10.03,125,79,0.3,0.16,0.55,8.228,9.969,97.04,912.56,0.868,0.256,0.0,18,9396.65,30.239
Chile,franco,goteo,16.43,125,258,0.3,0.16,0.46,4.42,8.21,53.81,458.27,0.868,0.2569,0.0,10,4202.55,26.992
Chile,franco-arcilloso,goteo,6.71,125,189,0.36,0.2,0.47,6.83,9.837,132.27,711.59,0.868,0.3176,0.0,16,6257.6,28.076
Chile,franco-arcilloso,gravedad,14.87,125,108,0.36,0.2,0.64,8.399,10.385,191.98,914.68,0.868,0.312,0.0,12,12105.08,29.818
Chile,arcilloso,microaspersion,33.03,125,146,0.42,0.22,0.67,8.005,10.653,263.65,851.96,0.868,0.3598,0.0,7,6484.82,32.628
Chile,arcilloso,microaspersion,74.63,125,342,0.42,0.22,0.69,4.758,7.844,14.72,537.97,0.868,0.3716,0.0,7,5293.98,28.142
Chile,franco-arcilloso,gravedad,37.81,125,26,0.36,0.2,0.5,6.618,9.828,0.88,748.74,0.868,0.312,0.0,17,11666.91,27.893
Chile,franco-arcilloso,goteo,5.1,125,215,0.36,0.2,0.65,5.692,8.854,145.29,587.38,0.868,0.3162,0.0,8,5017.11,31.725
Chile,franco,aspersion,48.41,125,130,0.3,0.16,0.68,8.28,10.225,219.2,891.86,0.868,0.2576,0.0,12,8830.19,28.746
Chile,franco-arcilloso,aspersion,7.87,125,74,0.36,0.2,0.66,8.12,10.857,34.62,904.13,0.868,0.3147,0.0,15,11002.09,31.226
Chile,arcilloso,gravedad,72.64,125,108,0.42,0.22,0.52,8.597,10.133,92.38,935.72,0.868,0.3637,0.0,15,13230.98,29.924
Chile,franco-arcilloso,microaspersion,15.89,125,343,0.36,0.2,0.6,4.821,7.942,17.56,543.39,0.868,0.3134,0.0,9,5576.15,33.63
Chile,franco,gravedad,50.68,125,364,0.3,0.16,0.58,5.576,9.019,5.64,630.88,0.868,0.2614,0.0,15,10301.96,26.366
Chile,franco,aspersion,45.41,125,216,0.3,0.16,0.49,5.71,9.63,115.1,586.41,0.868,0.2572,0.0,12,5869.97,35.379
Chile,arcilloso,gravedad,67.94,125,6,0.42,0.22,0.69,5.776,9.034,9.97,654.71,0.868,0.3651,0.0,8,9716.3,31.338
Chile,arcilloso,goteo,68.05,125,320,0.42,0.22,0.67,4.282,7.413,13.51,473.08,0.868,0.3699,0.0,7,5237.02,32.012
Chile,arcilloso,gravedad,70.48,125,120,0.42,0.22,0.47,8.45,10.423,89.16,916.7,0.868,0.3645,0.0,18,13137.72,26.913
Chile,franco-arcilloso,goteo,27.15,125,183,0.36,0.2,0.59,6.874,9.507,151.48,717.69,0.868,0.3174,0.0,12,6198.28,30.994
Chile,franco,gravedad,28.67,125,219,0.3,0.16,0.48,5.69,8.744,78.75,587.49,0.868,0.2626,0.0,15,8152.24,32.154
Chile,franco-arcilloso,aspersion,76.04,125,111,0.36,0.2,0.56,8.541,10.226,131.89,929.71,0.868,0.3106,0.0,15,10201.62,32.099
Chile,franco,microaspersion,69.41,125,83,0.3,0.16,0.58,8.22,10.698,60.95,909.38,0.868,0.2518,0.0,16,9473.18,29.461
Chile,franco,microaspersion,43.99,125,21,0.3,0.16,0.5,6.393,9.829,9.72,723.45,0.868,0.2602,0.0,20,8292.74,29.12
Chile,franco-arcilloso,gravedad,34.07,125,290,0.36,0.2,0.66,3.981,5.687,26.74,426.35,0.868,0.3136,0.0,6,5855.3,28.895
Chile,arcilloso,microaspersion,13.79,125,136,0.42,0.22,0.56,8.261,10.75,124.37,886.01,0.868,0.3654,0.0,13,8826.08,30.471
Chile,franco-arcilloso,aspersion,59.2,125,218,0.36,0.2,0.53,5.589,9.102,145.52,577.96,0.868,0.3188,0.0,9,5624.01,33.719
Chile,arcilloso,aspersion,39.23,125,36,0.42,0.22,0.65,6.983,10.192,9.88,788.65,0.868,0.3568,0.0,10,9809.46,28.897
Chile,franco-arcilloso,microaspersion,48.6,125,74,0.36,0.2,0.65,8.044,10.02,50.7,893.95,0.868,0.3128,0.0,15,9884.94,27.862
Chile,franco-arcilloso,microaspersion,57.61,125,260,0.36,0.2,0.62,4.372,7.449,23.95,455.45,0.868,0.315,0.0,8,4834.14,21.818
Chile,franco,gravedad,72.91,125,325,0.3,0.16,0.53,4.415,7.806,6.59,491.91,0.868,0.2574,0.0,11,7709.13,31.718
Chile,arcilloso,goteo,43.96,125,317,0.42,0.22,0.46,4.225,7.212,11.33,467.04,0.868,0.3612,0.0,8,4431.54,38.08
Chile,franco-arcilloso,gravedad,11.32,125,38,0.36,0.2,0.47,6.958,10.089,14.0,788.72,0.868,0.3078,0.0,17,12324.63,32.721
Chile,franco-arcilloso,microaspersion,50.6,125,108,0.36,0.2,0.61,8.486,10.173,118.75,925.1,0.868,0.3078,0.0,14,9307.71,33.674
Chile,franco-arenoso,aspersion,56.18,125,136,0.24,0.12,0.46,8.261,10.295,227.29,889.03,0.868,0.204,0.0,24,9345.66,27.754
Chile,franco,gravedad,40.01,125,326,0.3,0.16,0.63,4.424,7.251,13.38,494.84,0.868,0.2612,0.0,10,7740.48,29.223
Chile,franco-arenoso,microaspersion,79.42,125,222,0.24,0.12,0.57,5.521,8.55,82.99,567.55,0.868,0.2072,0.0,13,5492.75,31.597
Chile,franco-arcilloso,aspersion,47.73,125,50,0.36,0.2,0.6,7.425,10.178,13.5,834.7,0.868,0.3133,0.0,15,10156.34,34.231
Chile,franco-arcilloso,goteo,34.99,125,306,0.36,0.2,0.68,4.136,6.274,10.04,451.48,0.868,0.3179,0.0,8,4706.23,31.341
Chile,franco-arcilloso,goteo,17.16,125,255,0.36,0.2,0.61,4.46,7.656,41.46,461.9,0.868,0.311,0.0,7,4052.93,28.443
Chile,franco-arcilloso,microaspersion,50.12,125,252,0.36,0.2,0.51,4.516,8.154,24.38,467.05,0.868,0.3201,0.0,11,4844.9,28.725
Chile,franco,gravedad,10.84,125,351,0.3,0.16,0.52,5.047,8.006,29.76,569.11,0.868,0.2583,0.0,13,8545.5,32.08
Chile,arcilloso,goteo,49.45,125,274,0.42,0.22,0.6,4.053,6.841,3.36,426.97,0.868,0.3629,0.0,6,4112.78,29.06
Chile,franco,goteo,21.4,125,60,0.3,0.16,0.55,7.75,9.856,22.79,867.35,0.868,0.2518,0.0,17,8755.67,28.733
Chile,franco-arcilloso,gravedad,31.27,125,343,0.36,0.2,0.47,4.802,8.136,11.07,543.57,0.868,0.3097,0.0,12,8620.87,26.931
Chile,franco,microaspersion,5.53,125,114,0.3,0.16,0.45,8.545,10.454,34.1,930.3,0.868,0.2493,0.0,22,10042.51,26.499
Chile,franco-arcilloso,goteo,33.73,125,159,0.36,0.2,0.58,7.617,9.839,214.5,809.21,0.868,0.3096,0.0,11,6471.28,28.745
Chile,franco,aspersion,72.33,125,194,0.3,0.16,0.53,6.525,9.914,116.83,677.55,0.868,0.2587,0.0,14,7519.4,30.263
Chile,franco,goteo,60.26,125,114,0.3,0.16,0.65,8.478,10.238,149.15,922.93,0.868,0.2556,0.0,14,8220.01,34.886
Chile,arcilloso,goteo,63.81,125,111,0.42,0.22,0.55,8.551,10.233,159.22,931.45,0.868,0.3568,0.0,11,7852.32,29.126
Chile,franco,microaspersion,59.15,125,171,0.3,0.16,0.6,7.326,10.126,171.29,769.44,0.868,0.2568,0.0,12,6701.66,31.624
Chile,franco,gravedad,22.82,125,338,0.3,0.16,0.64,4.714,8.092,12.46,529.5,0.868,0.2618,0.0,11,8195.84,28.437
Chile,franco-arcilloso,gravedad,35.45,125,155,0.36,0.2,0.67,7.782,10.054,155.11,826.54,0.868,0.3109,0.0,10,10001.0,28.605
Chile,franco-arcilloso,aspersion,78.87,125,71,0.36,0.2,0.49,8.028,10.116,12.16,891.58,0.868,0.3104,0.0,20,11443.23,32.692
Chile,franco-arcilloso,gravedad,43.66,125,5,0.36,0.2,0.5,5.753,8.978,5.29,653.8,0.868,0.3072,0.0,13,10378.65,28.57
Chile,arcilloso,gravedad,41.93,125,20,0.42,0.22,0.69,6.376,9.573,9.72,720.0,0.868,0.3629,0.0,9,11129.79,31.684
Chile,franco-arcilloso,microaspersion,33.5,125,303,0.36,0.2,0.52,4.056,6.222,13.74,439.13,0.868,0.3151,0.0,9,5118.34,34.76
Chile,franco-arcilloso,microaspersion,39.09,125,223,0.36,0.2,0.66,5.494,9.263,101.34,565.69,0.868,0.3134,0.0,7,5052.18,28.982
Chile,arcilloso,gravedad,59.98,125,202,0.42,0.22,0.53,6.107,9.475,209.53,631.87,0.868,0.368,0.0,8,7266.83,31.655
Chile,arcilloso,goteo,63.88,125,216,0.42,0.22,0.5,5.591,8.515,164.91,578.08,0.868,0.3709,0.0,8,4133.66,26.278
Chile,franco,goteo,73.92,125,73,0.3,0.16,0.51,8.11,10.197,54.1,901.14,0.868,0.25,0.0,18,8634.1,29.054
Chile,franco-arcilloso,gravedad,62.38,125,234,0.36,0.2,0.58,4.999,8.202,71.07,513.67,0.868,0.3171,0.0,9,6967.14,30.396
Chile,franco-arcilloso,aspersion,52.62,125,14,0.36,0.2,0.49,6.06,9.676,10.72,690.16,0.868,0.3143,0.0,16,8705.84,29.886
Chile,franco-arcilloso,aspersion,70.86,125,189,0.36,0.2,0.51,6.703,11.0,180.4,696.12,0.868,0.3117,0.0,11,7044.82,29.178
Chile,franco-arcilloso,goteo,71.71,125,241,0.36,0.2,0.59,4.802,8.594,76.72,494.37,0.868,0.3164,0.0,8,4470.98,31.642
Chile,franco,goteo,74.61,125,238,0.3,0.16,0.68,4.877,8.078,69.16,500.15,0.868,0.2568,0.0,7,4042.48,27.031
Chile,franco-arenoso,gravedad,63.39,125,224,0.24,0.12,0.57,5.387,8.445,109.54,554.82,0.868,0.2096,0.0,13,7321.23,34.568
Chile,franco-arcilloso,gravedad,51.84,125,97,0.36,0.2,0.65,8.489,10.717,49.17,932.03,0.868,0.3062,0.0,13,14074.41,31.034
Chile,franco-arenoso,goteo,73.08,125,320,0.24,0.12,0.58,4.294,7.273,17.93,477.27,0.868,0.2042,0.0,11,4850.54,30.638
Chile,franco-arcilloso,gravedad,48.35,125,323,0.36,0.2,0.57,4.429,7.356,5.09,494.59,0.868,0.3174,0.0,10,7524.61,28.597
Chile,franco-arcilloso,gravedad,21.44,125,264,0.36,0.2,0.57,4.366,7.344,12.82,456.06,0.868,0.3153,0.0,9,6797.34,30.04
Chile,arcilloso,microaspersion,42.46,125,9,0.42,0.22,0.46,5.944,9.054,14.29,675.59,0.868,0.3565,0.0,12,7668.67,29.722
Chile,franco-arcilloso,aspersion,49.56,125,65,0.36,0.2,0.48,7.906,10.755,12.35,881.32,0.868,0.3101,0.0,20,11714.67,26.654
Chile,franco-arcilloso,goteo,29.73,125,104,0.36,0.2,0.51,8.433,10.058,59.47,923.41,0.868,0.3131,0.0,20,9311.12,28.777
Chile,franco-arcilloso,gravedad,28.22,125,39,0.36,0.2,0.62,7.173,10.6,23.38,809.52,0.868,0.3141,0.0,15,12418.49,28.629
Chile,arcilloso,microaspersion,30.16,125,346,0.42,0.22,0.52,4.927,8.446,10.6,558.19,0.868,0.3693,0.0,11,6625.73,29.891
Chile,franco-arenoso,aspersion,70.75,125,358,0.24,0.12,0.54,5.309,9.029,22.4,599.71,0.868,0.2054,0.0,17,7619.0,26.531
Chile,franco,gravedad,72.18,125,48,0.3,0.16,0.66,7.348,9.515,13.57,825.54,0.868,0.2566,0.0,15,12493.7,27.15
Chile,franco,gravedad,41.53,125,295,0.3,0.16,0.64,3.946,6.478,17.77,424.51,0.868,0.257,0.0,7,6232.65,31.877
Chile,arcilloso,microaspersion,10.5,125,162,0.42,0.22,0.58,7.619,9.967,164.47,806.53,0.868,0.3659,0.0,10,7803.74,29.92
Chile,arcilloso,microaspersion,15.01,125,204,0.42,0.22,0.58,6.158,9.404,164.93,637.69,0.868,0.3667,0.0,7,5180.6,32.033
Chile,arcilloso,goteo,9.58,125,172,0.42,0.22,0.54,7.293,9.77,229.13,768.23,0.868,0.3653,0.0,9,5615.78,29.185
Chile,franco,gravedad,37.4,125,263,0.3,0.16,0.68,4.291,7.402,28.03,445.12,0.868,0.2638,0.0,8,6119.46,30.032
Chile,franco-arcilloso,microaspersion,11.29,125,227,0.36,0.2,0.62,5.229,8.564,73.12,538.31,0.868,0.3161,0.0,8,5424.62,27.477
Chile,franco-arcilloso,goteo,54.73,125,89,0.36,0.2,0.57,8.334,10.575,100.42,921.64,0.868,0.3083,0.0,15,8843.46,28.332
Chile,franco-arcilloso,gravedad,70.83,125,184,0.36,0.2,0.61,6.874,10.123,176.55,720.34,0.868,0.32,0.0,11,8291.07,31.988
Chile,arcilloso,goteo,46.25,125,162,0.42,0.22,0.55,7.62,10.282,313.91,806.63,0.868,0.3621,0.0,8,5136.12,29.891
Chile,arcilloso,goteo,11.63,125,338,0.42,0.22,0.56,4.632,8.073,7.04,521.57,0.868,0.3671,0.0,8,4942.89,29.688
Chile,franco,aspersion,27.81,125,13,0.3,0.16,0.5,5.982,9.554,12.19,678.8,0.868,0.2562,0.0,17,8634.3,29.961
Chile,franco-arcilloso,gravedad,72.2,125,218,0.36,0.2,0.54,5.54,8.931,137.11,570.08,0.868,0.3114,0.0,8,6393.51,28.865
Chile,arcilloso,gravedad,34.79,125,83,0.42,0.22,0.69,8.207,10.18,45.63,909.62,0.868,0.3631,0.0,11,13173.48,31.2
Chile,franco-arcilloso,gravedad,41.23,125,285,0.36,0.2,0.5,4.113,6.304,4.6,438.81,0.868,0.3102,0.0,9,6947.51,28.007
Chile,franco-arcilloso,gravedad,14.28,125,86,0.36,0.2,0.65,8.174,10.009,87.03,902.88,0.868,0.3128,0.0,14,13175.64,28.871
Chile,arcilloso,goteo,44.89,125,169,0.42,0.22,0.69,7.364,9.69,176.56,776.79,0.868,0.367,0.0,8,6588.16,33.823
Chile,arcilloso,microaspersion,25.77,125,212,0.42,0.22,0.6,5.779,8.695,163.63,599.0,0.868,0.3721,0.0,7,5114.96,30.196
Chile,arcilloso,aspersion,66.12,125,85,0.42,0.22,0.56,8.317,10.252,114.07,919.18,0.868,0.3583,0.0,12,9990.65,28.444
Chile,arcilloso,gravedad,55.77,125,120,0.42,0.22,0.55,8.516,10.445,153.13,921.51,0.868,0.3639,0.0,13,12689.03,30.349
Chile,franco-arcilloso,goteo,49.5,125,33,0.36,0.2,0.52,6.907,10.48,24.22,779.29,0.868,0.313,0.0,17,7961.8,29.299
Chile,franco,aspersion,55.1,125,139,0.3,0.16,0.53,8.16,10.456,132.44,876.09,0.868,0.2544,0.0,16,9704.69,30.215
Chile,franco-arcilloso,gravedad,74.95,125,51,0.36,0.2,0.51,7.454,10.404,12.22,836.61,0.868,0.3117,0.0,18,12594.91,30.839
Chile,arcilloso,microaspersion,63.29,125,290,0.42,0.22,0.47,3.929,5.855,17.68,422.1,0.868,0.3691,0.0,8,4359.05,29.895
Chile,arcilloso,goteo,13.86,125,197,0.42,0.22,0.63,6.376,9.492,201.87,661.98,0.868,0.3611,0.0,6,4685.07,28.023
Chile,franco,gravedad,53.99,125,236,0.3,0.16,0.49,5.067,8.433,122.62,523.08,0.868,0.2605,0.0,11,7061.59,33.552
Chile,arcilloso,gravedad,45.92,125,320,0.42,0.22,0.56,4.32,6.67,28.07,479.99,0.868,0.3636,0.0,7,7316.14,29.006
Chile,franco,aspersion,12.85,125,326,0.3,0.16,0.47,4.305,6.979,19.27,481.87,0.868,0.2566,0.0,12,6213.77,27.665
Chile,franco-arcilloso,goteo,49.57,125,347,0.36,0.2,0.58,4.904,8.353,8.4,553.4,0.868,0.312,0.0,10,5964.6,30.649
Chile,arcilloso,aspersion,28.34,125,239,0.42,0.22,0.58,4.843,8.051,140.58,498.35,0.868,0.3634,0.0,5,4741.14,32.063
Chile,franco-arcilloso,gravedad,21.28,125,108,0.36,0.2,0.67,8.576,10.516,88.74,937.44,0.868,0.3151,0.0,15,13098.84,29.141
Chile,franco-arenoso,goteo,56.84,125,107,0.24,0.12,0.51,8.499,9.919,246.2,928.92,0.868,0.2041,0.0,22,8197.28,30.626
Chile,franco-arcilloso,aspersion,52.73,125,277,0.36,0.2,0.69,4.081,6.473,15.73,427.79,0.868,0.321,0.0,7,4943.17,26.933
Chile,arcilloso,gravedad,32.7,125,257,0.42,0.22,0.67,4.39,7.233,64.01,455.02,0.868,0.3676,0.0,5,6224.63,33.334
Chile,franco-arcilloso,gravedad,17.94,125,200,0.36,0.2,0.48,6.33,9.371,165.0,656.65,0.868,0.3182,0.0,13,8266.63,24.211
Chile,arcilloso,aspersion,29.47,125,177,0.42,0.22,0.52,7.201,10.206,214.81,755.58,0.868,0.366,0.0,9,6920.72,29.61
Chile,arcilloso,goteo,33.18,125,125,0.42,0.22,0.59,8.498,10.063,143.33,920.58,0.868,0.3595,0.0,12,8457.6,26.564
Chile,franco-arcilloso,microaspersion,77.51,125,263,0.36,0.2,0.64,4.224,7.43,44.7,440.9,0.868,0.3223,0.0,8,4541.33,27.503
Chile,franco-arenoso,gravedad,6.08,125,316,0.24,0.12,0.69,4.172,7.565,13.86,462.57,0.868,0.2042,0.0,9,7358.07,22.246
Chile,arcilloso,aspersion,74.56,125,51,0.42,0.22,0.52,7.426,10.264,15.64,835.99,0.868,0.3611,0.0,14,10494.42,31.428
Chile,arcilloso,goteo,57.12,125,313,0.42,0.22,0.48,4.178,7.008,20.53,460.6,0.868,0.3661,0.0,8,4484.73,32.195
Chile,franco-arcilloso,gravedad,47.88,125,252,0.36,0.2,0.5,4.475,7.325,51.66,461.86,0.868,0.3149,0.0,9,6446.44,29.928
Chile,arcilloso,goteo,20.17,125,84,0.42,0.22,0.58,8.274,10.097,64.66,915.07,0.868,0.3641,0.0,14,9097.72,33.659
Chile,franco-arcilloso,goteo,56.35,125,224,0.36,0.2,0.54,5.384,9.411,55.75,553.19,0.868,0.3111,0.0,10,5472.18,31.639
Chile,franco-arcilloso,aspersion,46.74,125,32,0.36,0.2,0.49,6.758,10.306,6.27,764.67,0.868,0.307,0.0,15,9575.85,29.416
Chile,franco-arcilloso,goteo,69.74,125,279,0.36,0.2,0.62,4.074,6.25,21.57,429.66,0.868,0.3159,0.0,7,3978.47,31.432
Chile,franco,gravedad,67.74,125,90,0.3,0.16,0.48,8.34,10.287,44.57,919.81,0.868,0.2546,0.0,23,13865.72,29.74
Chile,arcilloso,aspersion,76.55,125,219,0.42,0.22,0.56,5.532,9.173,116.08,570.4,0.868,0.3596,0.0,6,5359.97,31.347
Chile,franco-arcilloso,gravedad,7.42,125,118,0.36,0.2,0.65,8.459,10.505,67.43,918.21,0.868,0.3126,0.0,15,13770.91,28.923
Chile,franco-arcilloso,goteo,22.83,125,275,0.36,0.2,0.65,4.144,6.581,19.41,435.41,0.868,0.3129,0.0,6,4163.84,27.173
Chile,franco-arcilloso,microaspersion,65.09,125,268,0.36,0.2,0.65,4.145,6.925,3.17,432.17,0.868,0.3184,0.0,8,4804.39,30.19
Chile,franco-arcilloso,gravedad,51.18,125,342,0.36,0.2,0.6,4.84,8.495,21.04,543.86,0.868,0.3184,0.0,11,8554.65,28.791
Chile,arcilloso,goteo,77.8,125,15,0.42,0.22,0.54,6.086,9.483,22.04,689.43,0.868,0.3682,0.0,12,6891.51,30.55
Chile,arcilloso,aspersion,51.76,125,179,0.42,0.22,0.49,7.132,10.463,200.63,745.51,0.868,0.3659,0.0,10,6964.08,30.247
Chile,franco-arcilloso,gravedad,34.12,125,70,0.36,0.2,0.53,7.945,10.092,27.44,885.74,0.868,0.3114,0.0,18,13542.38,33.455
Chile,franco,microaspersion,62.13,125,63,0.3,0.16,0.48,7.889,10.483,33.01,881.82,0.868,0.248,0.0,19,9657.19,29.717
Chile,franco,goteo,78.78,125,301,0.3,0.16,0.53,4.195,6.235,5.34,456.06,0.868,0.2606,0.0,11,4632.22,26.698
Chile,franco,gravedad,24.67,125,109,0.3,0.16,0.66,8.478,10.78,97.17,923.72,0.868,0.255,0.0,15,13445.79,30.994
Chile,franco-arcilloso,microaspersion,25.6,125,279,0.36,0.2,0.49,4.042,6.512,9.95,427.08,0.868,0.3143,0.0,9,4697.27,35.289
Chile,franco-arcilloso,goteo,70.86,125,196,0.36,0.2,0.57,6.621,9.716,252.95,687.21,0.868,0.3161,0.0,9,4725.51,29.544
Chile,franco-arcilloso,microaspersion,66.83,125,54,0.36,0.2,0.53,7.497,9.873,5.19,841.11,0.868,0.3096,0.0,17,9892.72,29.699
Chile,franco-arenoso,goteo,28.34,125,124,0.24,0.12,0.48,8.395,10.435,113.33,906.7,0.868,0.2015,0.0,24,8430.32,32.541
Chile,franco-arcilloso,goteo,18.05,125,248,0.36,0.2,0.59,4.616,8.42,28.99,477.01,0.868,0.3194,0.0,9,4570.61,33.278
Chile,franco,microaspersion,32.22,125,304,0.3,0.16,0.64,4.032,6.331,2.96,440.39,0.868,0.2593,0.0,8,4863.39,29.883
Chile,franco-arenoso,goteo,60.17,125,195,0.24,0.12,0.69,6.455,9.399,146.91,670.49,0.868,0.2096,0.0,13,5617.78,26.423
